{"mean":{"confidence_interval":{"confidence_level":0.95,"lower_bound":62813091.21,"upper_bound":62835660.49},"point_estimate":62824260.35,"standard_error":5771.69099081658},"median":{"confidence_interval":{"confidence_level":0.95,"lower_bound":62800521.0,"upper_bound":62829864.0},"point_estimate":62819153.0,"standard_error":7814.970697694913},"median_abs_dev":{"confidence_interval":{"confidence_level":0.95,"lower_bound":44555.83570897579,"upper_bound":68413.83448541164},"point_estimate":56860.67419052124,"standard_error":5831.7773807562335},"slope":null,"std_dev":{"confidence_interval":{"confidence_level":0.95,"lower_bound":49193.283312175045,"upper_bound":66168.67520690638},"point_estimate":58205.41701045625,"standard_error":4316.594083856642}}