{"mean":{"confidence_interval":{"confidence_level":0.95,"lower_bound":17006930174.5,"upper_bound":17020931114.5},"point_estimate":17013827924.4,"standard_error":3598553.755284254},"median":{"confidence_interval":{"confidence_level":0.95,"lower_bound":17002276448.0,"upper_bound":17022202085.0},"point_estimate":17012281393.0,"standard_error":5164464.16638428},"median_abs_dev":{"confidence_interval":{"confidence_level":0.95,"lower_bound":2946360.549491644,"upper_bound":20597452.312222123},"point_estimate":14770874.445864558,"standard_error":4461680.940689796},"slope":null,"std_dev":{"confidence_interval":{"confidence_level":0.95,"lower_bound":6970086.464651669,"upper_bound":14928186.391386308},"point_estimate":12083585.44662573,"standard_error":2033688.9001358978}}