{"mean":{"confidence_interval":{"confidence_level":0.95,"lower_bound":4978722.993,"upper_bound":4979760.736545457},"point_estimate":4979238.404545457,"standard_error":267.0372688769504},"median":{"confidence_interval":{"confidence_level":0.95,"lower_bound":4978615.818181818,"upper_bound":4979746.2727272725},"point_estimate":4979004.7272727275,"standard_error":271.36725316718537},"median_abs_dev":{"confidence_interval":{"confidence_level":0.95,"lower_bound":1825.6870857695187,"upper_bound":3199.0463977514046},"point_estimate":2514.21999172825,"standard_error":347.0106135809984},"slope":null,"std_dev":{"confidence_interval":{"confidence_level":0.95,"lower_bound":2270.847017420819,"upper_bound":2995.6546570707073},"point_estimate":2657.3323879499326,"standard_error":185.56902241044594}}