{"mean":{"confidence_interval":{"confidence_level":0.95,"lower_bound":6451058.995,"upper_bound":6452333.177218749},"point_estimate":6451680.9875,"standard_error":324.11049772868705},"median":{"confidence_interval":{"confidence_level":0.95,"lower_bound":6451036.1875,"upper_bound":6452239.5},"point_estimate":6451802.125,"standard_error":305.2520198862993},"median_abs_dev":{"confidence_interval":{"confidence_level":0.95,"lower_bound":1832.1229174733162,"upper_bound":3256.9130749907317},"point_estimate":2411.17086969316,"standard_error":348.1881766719723},"slope":null,"std_dev":{"confidence_interval":{"confidence_level":0.95,"lower_bound":2713.2069937207034,"upper_bound":3786.328485528159},"point_estimate":3269.67490470858,"standard_error":276.9541412315866}}