{"mean":{"confidence_interval":{"confidence_level":0.95,"lower_bound":19627984.41601687,"upper_bound":19638691.199743457},"point_estimate":19632672.665420637,"standard_error":2741.243433277551},"median":{"confidence_interval":{"confidence_level":0.95,"lower_bound":19626312.202380955,"upper_bound":19637612.049999997},"point_estimate":19629437.1625,"standard_error":2601.1656127958768},"median_abs_dev":{"confidence_interval":{"confidence_level":0.95,"lower_bound":728.9120403908395,"upper_bound":12774.511739039617},"point_estimate":6167.844457996294,"standard_error":2952.049253554011},"slope":{"confidence_interval":{"confidence_level":0.95,"lower_bound":19625937.181000747,"upper_bound":19635333.82159431},"point_estimate":19629030.226493508,"standard_error":2431.8908112694958},"std_dev":{"confidence_interval":{"confidence_level":0.95,"lower_bound":2951.412143431985,"upper_bound":12690.313531697306},"point_estimate":9168.654256889306,"standard_error":2728.9163721569134}}