{"mean":{"confidence_interval":{"confidence_level":0.95,"lower_bound":2310667.684545456,"upper_bound":2311167.9800000004},"point_estimate":2310913.875909091,"standard_error":127.83521660216302},"median":{"confidence_interval":{"confidence_level":0.95,"lower_bound":2310606.090909091,"upper_bound":2311295.272727273},"point_estimate":2310916.8863636367,"standard_error":186.18040111296804},"median_abs_dev":{"confidence_interval":{"confidence_level":0.95,"lower_bound":1007.8310275619366,"upper_bound":1521.3497457184178},"point_estimate":1322.849826514721,"standard_error":135.55845103926208},"slope":null,"std_dev":{"confidence_interval":{"confidence_level":0.95,"lower_bound":1040.7060603136695,"upper_bound":1541.4748878055477},"point_estimate":1288.623691508754,"standard_error":129.20740071396926}}