{"mean":{"confidence_interval":{"confidence_level":0.95,"lower_bound":47373055614.4,"upper_bound":105585061530.87},"point_estimate":77238902373.7,"standard_error":14335672928.025671},"median":{"confidence_interval":{"confidence_level":0.95,"lower_bound":11950251217.0,"upper_bound":107270385138.0},"point_estimate":104855923442.5,"standard_error":24035192103.427113},"median_abs_dev":{"confidence_interval":{"confidence_level":0.95,"lower_bound":690267025.4454106,"upper_bound":73222576082.45612},"point_estimate":5082121309.272811,"standard_error":20747893693.982727},"slope":null,"std_dev":{"confidence_interval":{"confidence_level":0.95,"lower_bound":3565477713.7019916,"upper_bound":52825027815.32227},"point_estimate":47594039619.80519,"standard_error":9531740097.285608}}