{"mean":{"confidence_interval":{"confidence_level":0.95,"lower_bound":64953015.95,"upper_bound":64978333.07},"point_estimate":64965724.32,"standard_error":6454.826351752876},"median":{"confidence_interval":{"confidence_level":0.95,"lower_bound":64942966.0,"upper_bound":64977617.0},"point_estimate":64964613.0,"standard_error":8857.023897628087},"median_abs_dev":{"confidence_interval":{"confidence_level":0.95,"lower_bound":49939.89751338959,"upper_bound":90818.88528764248},"point_estimate":66701.43151581287,"standard_error":10858.396343093726},"slope":null,"std_dev":{"confidence_interval":{"confidence_level":0.95,"lower_bound":56992.6561819746,"upper_bound":72447.66747858259},"point_estimate":65276.08669149179,"standard_error":3948.182889290648}}