{"mean":{"confidence_interval":{"confidence_level":0.95,"lower_bound":6470548.665,"upper_bound":6471765.70078125},"point_estimate":6471128.4175,"standard_error":311.422702944286},"median":{"confidence_interval":{"confidence_level":0.95,"lower_bound":6470294.625,"upper_bound":6471813.375},"point_estimate":6471041.125,"standard_error":434.2610809423984},"median_abs_dev":{"confidence_interval":{"confidence_level":0.95,"lower_bound":1868.1686293333769,"upper_bound":2920.72194814682},"point_estimate":2375.0324953347445,"standard_error":271.33349795126173},"slope":null,"std_dev":{"confidence_interval":{"confidence_level":0.95,"lower_bound":2175.050239398219,"upper_bound":4240.79030350983},"point_estimate":3126.4667648276654,"standard_error":577.5705856647662}}