{"mean":{"confidence_interval":{"confidence_level":0.95,"lower_bound":618290087.9,"upper_bound":1562543470.0774999},"point_estimate":1081643867.5,"standard_error":241279556.5347679},"median":{"confidence_interval":{"confidence_level":0.95,"lower_bound":426125058.0,"upper_bound":1999902153.0},"point_estimate":581768450.5,"standard_error":526244419.61881757},"median_abs_dev":{"confidence_interval":{"confidence_level":0.95,"lower_bound":49082101.49231851,"upper_bound":1222695104.0792227},"point_estimate":347018005.1483989,"standard_error":373099979.6710995},"slope":null,"std_dev":{"confidence_interval":{"confidence_level":0.95,"lower_bound":496019318.709175,"upper_bound":859030797.2872915},"point_estimate":798489012.8854454,"standard_error":97651651.4934017}}