{"mean":{"confidence_interval":{"confidence_level":0.95,"lower_bound":16964179361.5,"upper_bound":17002446762.2},"point_estimate":16982625006.7,"standard_error":9830885.654302265},"median":{"confidence_interval":{"confidence_level":0.95,"lower_bound":16954941971.5,"upper_bound":17007894089.5},"point_estimate":16977415055.5,"standard_error":12273352.029934758},"median_abs_dev":{"confidence_interval":{"confidence_level":0.95,"lower_bound":6714975.492185354,"upper_bound":57931174.38201606},"point_estimate":31027281.44815564,"standard_error":13985770.436338468},"slope":null,"std_dev":{"confidence_interval":{"confidence_level":0.95,"lower_bound":16815549.03000024,"upper_bound":40614676.821515456},"point_estimate":32699783.82164993,"standard_error":5894301.891922961}}