{"mean":{"confidence_interval":{"confidence_level":0.95,"lower_bound":662409437.9,"upper_bound":972078099.4249996},"point_estimate":819009553.9,"standard_error":79408325.0576194},"median":{"confidence_interval":{"confidence_level":0.95,"lower_bound":601681081.0,"upper_bound":1048277172.5},"point_estimate":797907064.5,"standard_error":99289559.58418386},"median_abs_dev":{"confidence_interval":{"confidence_level":0.95,"lower_bound":33131064.124006033,"upper_bound":510317672.33735025},"point_estimate":269425041.36714935,"standard_error":122786258.40977873},"slope":null,"std_dev":{"confidence_interval":{"confidence_level":0.95,"lower_bound":143996408.42100215,"upper_bound":331667676.4036183},"point_estimate":264429094.59717348,"standard_error":48426072.18352457}}