{"mean":{"confidence_interval":{"confidence_level":0.95,"lower_bound":634245494.4,"upper_bound":779602276.0},"point_estimate":707899463.5,"standard_error":37248182.52699116},"median":{"confidence_interval":{"confidence_level":0.95,"lower_bound":596993495.0,"upper_bound":820960894.0},"point_estimate":711534279.5,"standard_error":62414740.60836034},"median_abs_dev":{"confidence_interval":{"confidence_level":0.95,"lower_bound":34024519.63964403,"upper_bound":211218098.94222915},"point_estimate":166027029.931131,"standard_error":46772279.47247878},"slope":null,"std_dev":{"confidence_interval":{"confidence_level":0.95,"lower_bound":77182190.60234044,"upper_bound":147005401.41009971},"point_estimate":124054477.90027633,"standard_error":17679551.061166048}}