{"mean":{"confidence_interval":{"confidence_level":0.95,"lower_bound":11648998877.395002,"upper_bound":68675154587.3},"point_estimate":39722490078.0,"standard_error":13974018793.253439},"median":{"confidence_interval":{"confidence_level":0.95,"lower_bound":9718544931.5,"upper_bound":105531087135.0},"point_estimate":11573162480.5,"standard_error":23961518237.812077},"median_abs_dev":{"confidence_interval":{"confidence_level":0.95,"lower_bound":233514171.23339474,"upper_bound":71908687062.01291},"point_estimate":4142410872.4105062,"standard_error":20983430266.68585},"slope":null,"std_dev":{"confidence_interval":{"confidence_level":0.95,"lower_bound":2322300621.275668,"upper_bound":51042018451.119095},"point_estimate":46435864286.83037,"standard_error":9408752112.391235}}