{"mean":{"confidence_interval":{"confidence_level":0.95,"lower_bound":1688009695.9,"upper_bound":4228113047.3399997},"point_estimate":2960112950.7,"standard_error":651823211.265136},"median":{"confidence_interval":{"confidence_level":0.95,"lower_bound":439388937.0,"upper_bound":4661917992.0},"point_estimate":4621032678.0,"standard_error":1590670782.7197888},"median_abs_dev":{"confidence_interval":{"confidence_level":0.95,"lower_bound":14640218.099284172,"upper_bound":3146436803.6072392},"point_estimate":78413668.11617911,"standard_error":1235087970.8175857},"slope":null,"std_dev":{"confidence_interval":{"confidence_level":0.95,"lower_bound":1334210497.2398558,"upper_bound":2237829887.3139253},"point_estimate":2182143568.3105593,"standard_error":255978270.10706058}}