{"mean":{"confidence_interval":{"confidence_level":0.95,"lower_bound":775687740.7,"upper_bound":775843264.9},"point_estimate":775768354.3,"standard_error":39958.48732257428},"median":{"confidence_interval":{"confidence_level":0.95,"lower_bound":775651366.5,"upper_bound":775884066.0},"point_estimate":775797984.0,"standard_error":60453.95241266319},"median_abs_dev":{"confidence_interval":{"confidence_level":0.95,"lower_bound":20959.51582789421,"upper_bound":225761.42839193344},"point_estimate":131993.65175664425,"standard_error":53951.0882582623},"slope":null,"std_dev":{"confidence_interval":{"confidence_level":0.95,"lower_bound":70073.66698498247,"upper_bound":164505.73018148055},"point_estimate":132656.94812732408,"standard_error":24106.68556541779}}