{"mean":{"confidence_interval":{"confidence_level":0.95,"lower_bound":543831277.5,"upper_bound":544084458.5},"point_estimate":543956644.7,"standard_error":64697.208818383566},"median":{"confidence_interval":{"confidence_level":0.95,"lower_bound":543795361.0,"upper_bound":544142369.0},"point_estimate":543957730.5,"standard_error":91698.63509052849},"median_abs_dev":{"confidence_interval":{"confidence_level":0.95,"lower_bound":43509.12012755871,"upper_bound":376919.16740834713},"point_estimate":257237.02583312988,"standard_error":82061.37843477074},"slope":null,"std_dev":{"confidence_interval":{"confidence_level":0.95,"lower_bound":125561.19188443966,"upper_bound":270815.8780003902},"point_estimate":215373.2331058239,"standard_error":37330.51004931116}}