{"mean":{"confidence_interval":{"confidence_level":0.95,"lower_bound":2466892.854964286,"upper_bound":2467536.2364285723},"point_estimate":2467205.6233333326,"standard_error":166.5256601994534},"median":{"confidence_interval":{"confidence_level":0.95,"lower_bound":2466590.9523809524,"upper_bound":2467301.5},"point_estimate":2466799.6190476194,"standard_error":187.86685365395743},"median_abs_dev":{"confidence_interval":{"confidence_level":0.95,"lower_bound":1110.467380285263,"upper_bound":2027.102464011721},"point_estimate":1593.9361717025351,"standard_error":240.82061116925846},"slope":null,"std_dev":{"confidence_interval":{"confidence_level":0.95,"lower_bound":1406.748672684799,"upper_bound":1919.4280573556014},"point_estimate":1674.8388110218082,"standard_error":130.5805141225489}}