{"mean":{"confidence_interval":{"confidence_level":0.95,"lower_bound":27687155206.48,"upper_bound":27897269662.9},"point_estimate":27764823189.0,"standard_error":59833120.32460798},"median":{"confidence_interval":{"confidence_level":0.95,"lower_bound":27678594763.0,"upper_bound":27739614819.0},"point_estimate":27697174770.0,"standard_error":20643661.0716799},"median_abs_dev":{"confidence_interval":{"confidence_level":0.95,"lower_bound":5936961.14089787,"upper_bound":78853541.4436698},"point_estimate":37517502.19733119,"standard_error":22920134.044916514},"slope":null,"std_dev":{"confidence_interval":{"confidence_level":0.95,"lower_bound":20329322.466002006,"upper_bound":310679075.484437},"point_estimate":202177729.84958565,"standard_error":100506723.41669574}}