{"mean":{"confidence_interval":{"confidence_level":0.95,"lower_bound":40593480.33,"upper_bound":40607545.24},"point_estimate":40600384.645,"standard_error":3571.5333806804556},"median":{"confidence_interval":{"confidence_level":0.95,"lower_bound":40592579.0,"upper_bound":40605197.5},"point_estimate":40599833.5,"standard_error":3682.0129628503655},"median_abs_dev":{"confidence_interval":{"confidence_level":0.95,"lower_bound":20067.73194372654,"upper_bound":36240.30310660601},"point_estimate":28232.780648767948,"standard_error":4106.342386153512},"slope":null,"std_dev":{"confidence_interval":{"confidence_level":0.95,"lower_bound":29419.19777752158,"upper_bound":41810.274393358806},"point_estimate":35883.38210515446,"standard_error":3118.1282574043507}}