{"mean":{"confidence_interval":{"confidence_level":0.95,"lower_bound":64183816.434,"upper_bound":64225470.73175},"point_estimate":64201503.08,"standard_error":10816.556173690067},"median":{"confidence_interval":{"confidence_level":0.95,"lower_bound":64175574.0,"upper_bound":64193711.0},"point_estimate":64180507.5,"standard_error":5094.797130926867},"median_abs_dev":{"confidence_interval":{"confidence_level":0.95,"lower_bound":28247.977298498154,"upper_bound":46781.95956945419},"point_estimate":38936.78180873394,"standard_error":4835.223751918104},"slope":null,"std_dev":{"confidence_interval":{"confidence_level":0.95,"lower_bound":41515.45280178043,"upper_bound":172326.04429634352},"point_estimate":109087.90127386706,"standard_error":38778.71195621687}}