{"mean":{"confidence_interval":{"confidence_level":0.95,"lower_bound":16975393745.5275,"upper_bound":16989121444.3},"point_estimate":16983217804.7,"standard_error":3580543.195940489},"median":{"confidence_interval":{"confidence_level":0.95,"lower_bound":16979260711.5,"upper_bound":16990127351.0},"point_estimate":16988068500.5,"standard_error":3216163.0584301795},"median_abs_dev":{"confidence_interval":{"confidence_level":0.95,"lower_bound":296815.0321304798,"upper_bound":13988048.3163625},"point_estimate":7617411.115863919,"standard_error":3899238.2288492736},"slope":null,"std_dev":{"confidence_interval":{"confidence_level":0.95,"lower_bound":4047189.1249132184,"upper_bound":17257647.859687503},"point_estimate":11967938.551393729,"standard_error":4054663.131027492}}