{"mean":{"confidence_interval":{"confidence_level":0.95,"lower_bound":567090947.4,"upper_bound":567305339.7775},"point_estimate":567202301.5,"standard_error":54209.776264183485},"median":{"confidence_interval":{"confidence_level":0.95,"lower_bound":567137135.0,"upper_bound":567329876.0},"point_estimate":567174712.5,"standard_error":50330.55131279007},"median_abs_dev":{"confidence_interval":{"confidence_level":0.95,"lower_bound":17063.24309706688,"upper_bound":321286.8272960186},"point_estimate":61144.64681446552,"standard_error":82403.97887333941},"slope":null,"std_dev":{"confidence_interval":{"confidence_level":0.95,"lower_bound":73523.79797226655,"upper_bound":248303.63475694653},"point_estimate":180953.04384670872,"standard_error":46105.94845546055}}