{"mean":{"confidence_interval":{"confidence_level":0.95,"lower_bound":670821848.445,"upper_bound":670970177.7},"point_estimate":670896756.0,"standard_error":37991.758276251},"median":{"confidence_interval":{"confidence_level":0.95,"lower_bound":670770059.0,"upper_bound":670994951.0},"point_estimate":670899188.5,"standard_error":57972.4269006723},"median_abs_dev":{"confidence_interval":{"confidence_level":0.95,"lower_bound":23254.580587148666,"upper_bound":217014.08854722977},"point_estimate":152988.0086839199,"standard_error":48467.996854839424},"slope":null,"std_dev":{"confidence_interval":{"confidence_level":0.95,"lower_bound":76300.53212454608,"upper_bound":158143.98622586302},"point_estimate":127305.17037505672,"standard_error":20852.17064641531}}