{"mean":{"confidence_interval":{"confidence_level":0.95,"lower_bound":730714337.2,"upper_bound":730870241.2},"point_estimate":730795987.4,"standard_error":39586.10990131987},"median":{"confidence_interval":{"confidence_level":0.95,"lower_bound":730688567.5,"upper_bound":730878513.5},"point_estimate":730832036.0,"standard_error":49985.11318309824},"median_abs_dev":{"confidence_interval":{"confidence_level":0.95,"lower_bound":13747.408255934715,"upper_bound":212783.4895223379},"point_estimate":114593.85846555233,"standard_error":54983.60486429813},"slope":null,"std_dev":{"confidence_interval":{"confidence_level":0.95,"lower_bound":64828.15835764922,"upper_bound":164553.0328659359},"point_estimate":129652.17847182087,"standard_error":25025.068817835516}}