{"mean":{"confidence_interval":{"confidence_level":0.95,"lower_bound":5112985.626649999,"upper_bound":5114203.615249999},"point_estimate":5113557.886,"standard_error":311.5449432290087},"median":{"confidence_interval":{"confidence_level":0.95,"lower_bound":5113007.6,"upper_bound":5113698.9},"point_estimate":5113269.0,"standard_error":174.45889942775136},"median_abs_dev":{"confidence_interval":{"confidence_level":0.95,"lower_bound":1605.433381497998,"upper_bound":2765.4937309037764},"point_estimate":2164.8183515666533,"standard_error":293.25305774335624},"slope":null,"std_dev":{"confidence_interval":{"confidence_level":0.95,"lower_bound":2103.3028477787548,"upper_bound":4411.251379930654},"point_estimate":3161.967082803253,"standard_error":668.5699130986258}}