{"mean":{"confidence_interval":{"confidence_level":0.95,"lower_bound":28388745165.575,"upper_bound":28587742106.1},"point_estimate":28468925789.8,"standard_error":53346154.85484577},"median":{"confidence_interval":{"confidence_level":0.95,"lower_bound":28361390630.0,"upper_bound":28495912835.0},"point_estimate":28404938250.0,"standard_error":43732066.172698535},"median_abs_dev":{"confidence_interval":{"confidence_level":0.95,"lower_bound":4770041.542714834,"upper_bound":172629062.4399215},"point_estimate":70147592.0837313,"standard_error":41269683.36819427},"slope":null,"std_dev":{"confidence_interval":{"confidence_level":0.95,"lower_bound":42687824.736261085,"upper_bound":266095278.5933422},"point_estimate":176671895.71017528,"standard_error":73611594.21356794}}