{"mean":{"confidence_interval":{"confidence_level":0.95,"lower_bound":2457662.892380954,"upper_bound":2458489.4238095246},"point_estimate":2458056.6157142855,"standard_error":210.21649197778385},"median":{"confidence_interval":{"confidence_level":0.95,"lower_bound":2457135.238095238,"upper_bound":2457699.5714285714},"point_estimate":2457440.761904762,"standard_error":161.926853026791},"median_abs_dev":{"confidence_interval":{"confidence_level":0.95,"lower_bound":696.5395876342134,"upper_bound":1274.5064773727897},"point_estimate":1006.0852821382842,"standard_error":151.31937165684084},"slope":null,"std_dev":{"confidence_interval":{"confidence_level":0.95,"lower_bound":1465.6371813434587,"upper_bound":2712.067699597024},"point_estimate":2133.759010993398,"standard_error":316.4508654595868}}