{"mean":{"confidence_interval":{"confidence_level":0.95,"lower_bound":6485187.635,"upper_bound":6486214.38},"point_estimate":6485679.83,"standard_error":263.1865142661619},"median":{"confidence_interval":{"confidence_level":0.95,"lower_bound":6485162.25,"upper_bound":6486241.625},"point_estimate":6485642.1875,"standard_error":287.28395864244266},"median_abs_dev":{"confidence_interval":{"confidence_level":0.95,"lower_bound":1822.856667637825,"upper_bound":3090.857244813813},"point_estimate":2420.622444525361,"standard_error":320.0952248548077},"slope":null,"std_dev":{"confidence_interval":{"confidence_level":0.95,"lower_bound":2128.3880305979487,"upper_bound":3196.1391974419976},"point_estimate":2670.9109515455316,"standard_error":276.98933814450845}}