{"mean":{"confidence_interval":{"confidence_level":0.95,"lower_bound":64977043.51,"upper_bound":64994836.826249994},"point_estimate":64985861.16,"standard_error":4527.78954646258},"median":{"confidence_interval":{"confidence_level":0.95,"lower_bound":64971454.0,"upper_bound":64992579.0},"point_estimate":64980326.5,"standard_error":5247.141089400138},"median_abs_dev":{"confidence_interval":{"confidence_level":0.95,"lower_bound":30582.330957055092,"upper_bound":56575.27369558811},"point_estimate":40343.76918375492,"standard_error":6454.361856082986},"slope":null,"std_dev":{"confidence_interval":{"confidence_level":0.95,"lower_bound":37625.70188029652,"upper_bound":54018.91615565307},"point_estimate":45734.399893853515,"standard_error":4212.5104192701465}}