{"mean":{"confidence_interval":{"confidence_level":0.95,"lower_bound":66482551.51,"upper_bound":66505494.48},"point_estimate":66493597.09,"standard_error":5914.2041576041975},"median":{"confidence_interval":{"confidence_level":0.95,"lower_bound":66472862.0,"upper_bound":66496640.5},"point_estimate":66484653.0,"standard_error":6652.000688982907},"median_abs_dev":{"confidence_interval":{"confidence_level":0.95,"lower_bound":36709.9166482687,"upper_bound":64635.42845249176},"point_estimate":47565.51365554333,"standard_error":7152.534632984159},"slope":null,"std_dev":{"confidence_interval":{"confidence_level":0.95,"lower_bound":47798.483918811355,"upper_bound":69410.07572922952},"point_estimate":58750.436462955564,"standard_error":5557.959353371107}}