{"mean":{"confidence_interval":{"confidence_level":0.95,"lower_bound":1004013279.4,"upper_bound":1004411829.0},"point_estimate":1004214750.8,"standard_error":102242.2656596626},"median":{"confidence_interval":{"confidence_level":0.95,"lower_bound":1003928338.0,"upper_bound":1004513315.0},"point_estimate":1004241310.5,"standard_error":144862.15497625963},"median_abs_dev":{"confidence_interval":{"confidence_level":0.95,"lower_bound":102600.36597847939,"upper_bound":557533.202701807},"point_estimate":433643.44240128994,"standard_error":120720.66639433087},"slope":null,"std_dev":{"confidence_interval":{"confidence_level":0.95,"lower_bound":197290.98005256095,"upper_bound":424467.68593281106},"point_estimate":339961.91519436735,"standard_error":58505.4946950035}}