{"mean":{"confidence_interval":{"confidence_level":0.95,"lower_bound":24654229450.2,"upper_bound":42300820410.3},"point_estimate":33583319814.1,"standard_error":4542463268.221193},"median":{"confidence_interval":{"confidence_level":0.95,"lower_bound":18724335429.5,"upper_bound":48488975320.0},"point_estimate":36046122569.0,"standard_error":8975059204.705723},"median_abs_dev":{"confidence_interval":{"confidence_level":0.95,"lower_bound":2310865681.151533,"upper_bound":23503430897.78949},"point_estimate":21492298899.52442,"standard_error":6196333928.375257},"slope":null,"std_dev":{"confidence_interval":{"confidence_level":0.95,"lower_bound":9930106119.322508,"upper_bound":17268590422.053944},"point_estimate":15078773982.067585,"standard_error":1890215926.8600245}}