{"mean":{"confidence_interval":{"confidence_level":0.95,"lower_bound":5921992.235555551,"upper_bound":5923197.180000002},"point_estimate":5922592.435555557,"standard_error":308.43113525251334},"median":{"confidence_interval":{"confidence_level":0.95,"lower_bound":5921667.777777778,"upper_bound":5923305.555555556},"point_estimate":5922302.611111111,"standard_error":464.310659599456},"median_abs_dev":{"confidence_interval":{"confidence_level":0.95,"lower_bound":2234.2781603336334,"upper_bound":3580.9731364259387},"point_estimate":2813.1510833899947,"standard_error":336.73361805803006},"slope":null,"std_dev":{"confidence_interval":{"confidence_level":0.95,"lower_bound":2523.5361083884018,"upper_bound":3634.867384806443},"point_estimate":3087.964003742571,"standard_error":284.9943639419235}}