{"mean":{"confidence_interval":{"confidence_level":0.95,"lower_bound":575461131.7475,"upper_bound":575661172.5},"point_estimate":575557370.8,"standard_error":51997.360654227065},"median":{"confidence_interval":{"confidence_level":0.95,"lower_bound":575413877.5,"upper_bound":575742815.0},"point_estimate":575519141.5,"standard_error":79835.88868084474},"median_abs_dev":{"confidence_interval":{"confidence_level":0.95,"lower_bound":37331.12603724003,"upper_bound":288808.99227261543},"point_estimate":156685.6130182743,"standard_error":67411.17380410504},"slope":null,"std_dev":{"confidence_interval":{"confidence_level":0.95,"lower_bound":96546.22728173988,"upper_bound":208894.7556858876},"point_estimate":173608.96104675395,"standard_error":27807.069434564128}}