{"mean":{"confidence_interval":{"confidence_level":0.95,"lower_bound":40417838.58781283,"upper_bound":40445598.367513224},"point_estimate":40430918.27501322,"standard_error":7115.685400396512},"median":{"confidence_interval":{"confidence_level":0.95,"lower_bound":40413770.952380955,"upper_bound":40446289.516666666},"point_estimate":40426858.90833333,"standard_error":8238.090418220398},"median_abs_dev":{"confidence_interval":{"confidence_level":0.95,"lower_bound":3866.2191938627293,"upper_bound":38744.1206877127},"point_estimate":17061.818840146083,"standard_error":8657.519219005013},"slope":{"confidence_interval":{"confidence_level":0.95,"lower_bound":40414799.424797885,"upper_bound":40433893.01282051},"point_estimate":40425846.34199134,"standard_error":4858.960186163795},"std_dev":{"confidence_interval":{"confidence_level":0.95,"lower_bound":10751.76223211706,"upper_bound":31321.698351162522},"point_estimate":23701.24880322268,"standard_error":5440.363594221215}}