{"mean":{"confidence_interval":{"confidence_level":0.95,"lower_bound":375609379.8,"upper_bound":1149750237.1},"point_estimate":701538618.1,"standard_error":195236549.6376095},"median":{"confidence_interval":{"confidence_level":0.95,"lower_bound":330241018.0,"upper_bound":1182058558.0},"point_estimate":446620809.0,"standard_error":171909719.46277824},"median_abs_dev":{"confidence_interval":{"confidence_level":0.95,"lower_bound":12920333.188918233,"upper_bound":1033228627.428925},"point_estimate":144539741.87110662,"standard_error":170699678.07537442},"slope":null,"std_dev":{"confidence_interval":{"confidence_level":0.95,"lower_bound":69273795.29758531,"upper_bound":817172948.2425196},"point_estimate":652388039.9230618,"standard_error":206119949.60101944}}