{"mean":{"confidence_interval":{"confidence_level":0.95,"lower_bound":2101890987.9,"upper_bound":4664452481.4},"point_estimate":3393542166.9,"standard_error":622218748.3562956},"median":{"confidence_interval":{"confidence_level":0.95,"lower_bound":426906026.0,"upper_bound":4715336454.0},"point_estimate":4651432585.5,"standard_error":1076790477.3834836},"median_abs_dev":{"confidence_interval":{"confidence_level":0.95,"lower_bound":12005097.538366914,"upper_bound":3200975208.08883},"point_estimate":104987329.69710231,"standard_error":943182031.5268396},"slope":null,"std_dev":{"confidence_interval":{"confidence_level":0.95,"lower_bound":46183232.40552657,"upper_bound":2271628229.982725},"point_estimate":2074814934.7845066,"standard_error":421524840.704854}}