{"mean":{"confidence_interval":{"confidence_level":0.95,"lower_bound":598860917.1,"upper_bound":702214700.0749999},"point_estimate":652411616.1,"standard_error":26309167.895269394},"median":{"confidence_interval":{"confidence_level":0.95,"lower_bound":614724793.0,"upper_bound":710663757.5},"point_estimate":645173460.0,"standard_error":20170007.947745718},"median_abs_dev":{"confidence_interval":{"confidence_level":0.95,"lower_bound":3250388.43049407,"upper_bound":149163436.71171963},"point_estimate":41770172.6880312,"standard_error":41348500.276203},"slope":null,"std_dev":{"confidence_interval":{"confidence_level":0.95,"lower_bound":36543780.651714765,"upper_bound":119862435.47798736},"point_estimate":87288909.92799436,"standard_error":21757651.54890092}}