{"mean":{"confidence_interval":{"confidence_level":0.95,"lower_bound":40716013.50638889,"upper_bound":40736095.17804233},"point_estimate":40726058.906653434,"standard_error":5145.689419127999},"median":{"confidence_interval":{"confidence_level":0.95,"lower_bound":40711989.0,"upper_bound":40738898.40740741},"point_estimate":40726658.12083334,"standard_error":7369.754754442932},"median_abs_dev":{"confidence_interval":{"confidence_level":0.95,"lower_bound":4498.167136816214,"upper_bound":28533.638621209135},"point_estimate":18851.984276426105,"standard_error":6084.923017564574},"slope":{"confidence_interval":{"confidence_level":0.95,"lower_bound":40714490.225092255,"upper_bound":40731742.30654385},"point_estimate":40724754.86753247,"standard_error":4317.059444727311},"std_dev":{"confidence_interval":{"confidence_level":0.95,"lower_bound":9864.830252978605,"upper_bound":21546.624941950948},"point_estimate":17005.0718370847,"standard_error":3026.9163685968215}}