{"mean":{"confidence_interval":{"confidence_level":0.95,"lower_bound":739150117.5,"upper_bound":739478355.1125},"point_estimate":739314440.6,"standard_error":84736.14024480905},"median":{"confidence_interval":{"confidence_level":0.95,"lower_bound":739092896.0,"upper_bound":739548122.0},"point_estimate":739282568.0,"standard_error":127433.57040762482},"median_abs_dev":{"confidence_interval":{"confidence_level":0.95,"lower_bound":46163.71538043022,"upper_bound":481723.41824769974},"point_estimate":296547.4228352308,"standard_error":110185.04019401316},"slope":null,"std_dev":{"confidence_interval":{"confidence_level":0.95,"lower_bound":161637.08419677793,"upper_bound":358843.43605782854},"point_estimate":281562.93515036546,"standard_error":51259.724710794144}}