{"mean":{"confidence_interval":{"confidence_level":0.95,"lower_bound":39907224.88,"upper_bound":39920114.983875},"point_estimate":39913579.25,"standard_error":3275.584239255847},"median":{"confidence_interval":{"confidence_level":0.95,"lower_bound":39902740.0,"upper_bound":39914986.0},"point_estimate":39907335.25,"standard_error":2972.656602782965},"median_abs_dev":{"confidence_interval":{"confidence_level":0.95,"lower_bound":19948.011995851994,"upper_bound":35097.589176893234},"point_estimate":27385.104113817215,"standard_error":3880.8832405737485},"slope":null,"std_dev":{"confidence_interval":{"confidence_level":0.95,"lower_bound":26803.757098588016,"upper_bound":38239.73195278318},"point_estimate":32837.95795591813,"standard_error":2943.9753265715826}}