{"mean":{"confidence_interval":{"confidence_level":0.95,"lower_bound":558022193.88,"upper_bound":558286800.0675},"point_estimate":558149178.7,"standard_error":67361.48956636866},"median":{"confidence_interval":{"confidence_level":0.95,"lower_bound":557954636.5,"upper_bound":558331464.0},"point_estimate":558108814.0,"standard_error":117043.60633107225},"median_abs_dev":{"confidence_interval":{"confidence_level":0.95,"lower_bound":28182.742899656296,"upper_bound":358715.0636315346},"point_estimate":279270.68534195423,"standard_error":89308.41894669968},"slope":null,"std_dev":{"confidence_interval":{"confidence_level":0.95,"lower_bound":135326.3575691496,"upper_bound":278962.95911076316},"point_estimate":224968.85724129807,"standard_error":37441.80742592081}}