{"mean":{"confidence_interval":{"confidence_level":0.95,"lower_bound":608087518.23,"upper_bound":800713757.95},"point_estimate":707560612.35,"standard_error":49628365.06085591},"median":{"confidence_interval":{"confidence_level":0.95,"lower_bound":561180461.5,"upper_bound":843805145.75},"point_estimate":757304313.25,"standard_error":76878442.1103192},"median_abs_dev":{"confidence_interval":{"confidence_level":0.95,"lower_bound":39962009.32743251,"upper_bound":272791994.402124},"point_estimate":171811064.96189386,"standard_error":62727318.96371379},"slope":null,"std_dev":{"confidence_interval":{"confidence_level":0.95,"lower_bound":89448640.14586827,"upper_bound":199872825.8868676},"point_estimate":164988331.63184878,"standard_error":27642940.981739786}}