{"mean":{"confidence_interval":{"confidence_level":0.95,"lower_bound":628036372.5,"upper_bound":929216088.6},"point_estimate":781551641.2,"standard_error":76927820.12297529},"median":{"confidence_interval":{"confidence_level":0.95,"lower_bound":544655199.0,"upper_bound":977287972.5},"point_estimate":842248108.5,"standard_error":138715897.05823508},"median_abs_dev":{"confidence_interval":{"confidence_level":0.95,"lower_bound":3987391.101309657,"upper_bound":413647005.72509766},"point_estimate":212441318.79181266,"standard_error":123200618.93897761},"slope":null,"std_dev":{"confidence_interval":{"confidence_level":0.95,"lower_bound":154398586.94144517,"upper_bound":302629851.453594},"point_estimate":255467665.98812315,"standard_error":37315792.282080896}}