{"mean":{"confidence_interval":{"confidence_level":0.95,"lower_bound":5834590.009333333,"upper_bound":5836287.500972222},"point_estimate":5835411.498888888,"standard_error":433.42898931233003},"median":{"confidence_interval":{"confidence_level":0.95,"lower_bound":5833637.222222222,"upper_bound":5835092.555555556},"point_estimate":5834343.611111111,"standard_error":442.55460680383356},"median_abs_dev":{"confidence_interval":{"confidence_level":0.95,"lower_bound":2288.887259364358,"upper_bound":3986.052395900014},"point_estimate":3002.676780024781,"standard_error":433.28164825112674},"slope":null,"std_dev":{"confidence_interval":{"confidence_level":0.95,"lower_bound":3578.8656740867164,"upper_bound":5145.932940866446},"point_estimate":4398.718127886643,"standard_error":399.8644717070441}}