{"mean":{"confidence_interval":{"confidence_level":0.95,"lower_bound":480551959.1,"upper_bound":783582006.6},"point_estimate":635179313.4,"standard_error":78006566.97139558},"median":{"confidence_interval":{"confidence_level":0.95,"lower_bound":375802638.5,"upper_bound":839615693.5},"point_estimate":723743812.0,"standard_error":147484694.2177589},"median_abs_dev":{"confidence_interval":{"confidence_level":0.95,"lower_bound":31616276.904898882,"upper_bound":408454549.9521822},"point_estimate":291689476.4574766,"standard_error":107132804.99888},"slope":null,"std_dev":{"confidence_interval":{"confidence_level":0.95,"lower_bound":162823390.45221898,"upper_bound":303752152.11565363},"point_estimate":259307967.38493338,"standard_error":35445013.42973089}}