{"mean":{"confidence_interval":{"confidence_level":0.95,"lower_bound":1798267.3004166663,"upper_bound":1926967.958125},"point_estimate":1858996.2612500002,"standard_error":32544.607679969376},"median":{"confidence_interval":{"confidence_level":0.95,"lower_bound":1677361.5833333333,"upper_bound":1678718.25},"point_estimate":1677977.7291666665,"standard_error":299.7199507382169},"median_abs_dev":{"confidence_interval":{"confidence_level":0.95,"lower_bound":2071.8716882168096,"upper_bound":4343.02952289587},"point_estimate":3030.310796200999,"standard_error":570.5666375348478},"slope":null,"std_dev":{"confidence_interval":{"confidence_level":0.95,"lower_bound":278915.42777936056,"upper_bound":357791.6597727426},"point_estimate":325172.5053859989,"standard_error":20293.83775312622}}