{"mean":{"confidence_interval":{"confidence_level":0.95,"lower_bound":6385310.054062501,"upper_bound":6386420.48878125},"point_estimate":6385849.74125,"standard_error":283.41761761347817},"median":{"confidence_interval":{"confidence_level":0.95,"lower_bound":6385081.875,"upper_bound":6386052.75},"point_estimate":6385508.0,"standard_error":248.51909792195698},"median_abs_dev":{"confidence_interval":{"confidence_level":0.95,"lower_bound":1552.2682730667304,"upper_bound":2900.4288610070944},"point_estimate":2305.4429590702057,"standard_error":353.34854676257015},"slope":null,"std_dev":{"confidence_interval":{"confidence_level":0.95,"lower_bound":2195.027179362905,"upper_bound":3465.7517381255675},"point_estimate":2840.963182564863,"standard_error":324.71583638590164}}