{"mean":{"confidence_interval":{"confidence_level":0.95,"lower_bound":119890852.28956349,"upper_bound":120010539.46527776},"point_estimate":119949740.93623015,"standard_error":30720.089044876535},"median":{"confidence_interval":{"confidence_level":0.95,"lower_bound":119879279.78333333,"upper_bound":120007485.75},"point_estimate":119938434.8888889,"standard_error":28599.371120374508},"median_abs_dev":{"confidence_interval":{"confidence_level":0.95,"lower_bound":11233.412900581783,"upper_bound":166627.18714177608},"point_estimate":70181.16572485876,"standard_error":47278.27964882461},"slope":{"confidence_interval":{"confidence_level":0.95,"lower_bound":119863717.79448752,"upper_bound":119966140.18651414},"point_estimate":119918644.72467533,"standard_error":25600.197625539622},"std_dev":{"confidence_interval":{"confidence_level":0.95,"lower_bound":48855.159382069825,"upper_bound":135947.49836426612},"point_estimate":102233.22133653307,"standard_error":22233.91868188334}}