{"mean":{"confidence_interval":{"confidence_level":0.95,"lower_bound":770617386.0,"upper_bound":770768904.5},"point_estimate":770694910.0,"standard_error":38802.02331574266},"median":{"confidence_interval":{"confidence_level":0.95,"lower_bound":770590978.5,"upper_bound":770798009.0},"point_estimate":770705335.5,"standard_error":50036.065382498906},"median_abs_dev":{"confidence_interval":{"confidence_level":0.95,"lower_bound":38775.178411602974,"upper_bound":231496.12509012222},"point_estimate":129460.62970161438,"standard_error":49478.91543686558},"slope":null,"std_dev":{"confidence_interval":{"confidence_level":0.95,"lower_bound":73235.7818221136,"upper_bound":164401.4134458846},"point_estimate":130685.357749911,"standard_error":23491.621719354178}}