{"mean":{"confidence_interval":{"confidence_level":0.95,"lower_bound":23457723738.5,"upper_bound":42830875658.92499},"point_estimate":33391288485.3,"standard_error":4934557968.567801},"median":{"confidence_interval":{"confidence_level":0.95,"lower_bound":15553742748.0,"upper_bound":47191869734.5},"point_estimate":42758255320.0,"standard_error":10343141366.61172},"median_abs_dev":{"confidence_interval":{"confidence_level":0.95,"lower_bound":1910757476.6769738,"upper_bound":25145790173.686783},"point_estimate":9037694145.739756,"standard_error":7253147275.272963},"slope":null,"std_dev":{"confidence_interval":{"confidence_level":0.95,"lower_bound":10010350440.76156,"upper_bound":18131765534.373184},"point_estimate":16414411266.31626,"standard_error":2085478711.4369166}}