{"mean":{"confidence_interval":{"confidence_level":0.95,"lower_bound":1734048160.7375002,"upper_bound":4297692397.8550005},"point_estimate":3017709404.2,"standard_error":662043038.2825311},"median":{"confidence_interval":{"confidence_level":0.95,"lower_bound":466752956.5,"upper_bound":4727759583.0},"point_estimate":4691875934.5,"standard_error":1611146537.483832},"median_abs_dev":{"confidence_interval":{"confidence_level":0.95,"lower_bound":18000378.231829405,"upper_bound":3186404702.5816083},"point_estimate":101533553.0131191,"standard_error":1245645264.4363027},"slope":null,"std_dev":{"confidence_interval":{"confidence_level":0.95,"lower_bound":1345274667.5815442,"upper_bound":2258884201.6297436},"point_estimate":2201895194.060615,"standard_error":272418319.74949574}}