{"mean":{"confidence_interval":{"confidence_level":0.95,"lower_bound":40574771.43,"upper_bound":40585763.104375005},"point_estimate":40580175.025,"standard_error":2810.527726650489},"median":{"confidence_interval":{"confidence_level":0.95,"lower_bound":40571466.5,"upper_bound":40587778.0},"point_estimate":40581868.5,"standard_error":4716.271971395065},"median_abs_dev":{"confidence_interval":{"confidence_level":0.95,"lower_bound":19868.32224726677,"upper_bound":34498.33153378216},"point_estimate":27108.599218726158,"standard_error":3717.9902585065256},"slope":null,"std_dev":{"confidence_interval":{"confidence_level":0.95,"lower_bound":23760.312539736504,"upper_bound":32310.084632152677},"point_estimate":28168.41799767592,"standard_error":2188.474746570012}}