{"mean":{"confidence_interval":{"confidence_level":0.95,"lower_bound":7947328607.8975,"upper_bound":57744297672.1175},"point_estimate":28400275160.9,"standard_error":12615186235.870125},"median":{"confidence_interval":{"confidence_level":0.95,"lower_bound":7019132256.0,"upper_bound":59216950066.0},"point_estimate":9641739656.5,"standard_error":11454527357.699036},"median_abs_dev":{"confidence_interval":{"confidence_level":0.95,"lower_bound":1278629859.0037823,"upper_bound":69480981992.78429},"point_estimate":4169575676.994234,"standard_error":11134575530.047665},"slope":null,"std_dev":{"confidence_interval":{"confidence_level":0.95,"lower_bound":2468554435.398773,"upper_bound":52135197339.23927},"point_estimate":41888361599.412384,"standard_error":13851186067.252392}}