{"mean":{"confidence_interval":{"confidence_level":0.95,"lower_bound":942424973.1,"upper_bound":1795980346.9},"point_estimate":1385970328.3,"standard_error":211682130.06086034},"median":{"confidence_interval":{"confidence_level":0.95,"lower_bound":476352161.0,"upper_bound":1832405446.0},"point_estimate":1772438273.5,"standard_error":337892925.45104647},"median_abs_dev":{"confidence_interval":{"confidence_level":0.95,"lower_bound":14581731.754222512,"upper_bound":1077897601.0831923},"point_estimate":102186386.259529,"standard_error":295266701.3419795},"slope":null,"std_dev":{"confidence_interval":{"confidence_level":0.95,"lower_bound":84386584.41178742,"upper_bound":797173799.2676219},"point_estimate":703580832.6585482,"standard_error":140569450.35327217}}