{"mean":{"confidence_interval":{"confidence_level":0.95,"lower_bound":106888667843.2625,"upper_bound":107107115566.08},"point_estimate":106987146437.3,"standard_error":56523168.18511649},"median":{"confidence_interval":{"confidence_level":0.95,"lower_bound":106842041379.0,"upper_bound":107062289541.0},"point_estimate":106983827779.5,"standard_error":51974405.913924806},"median_abs_dev":{"confidence_interval":{"confidence_level":0.95,"lower_bound":11034640.227895975,"upper_bound":260051407.55686462},"point_estimate":158777449.64483678,"standard_error":69101538.77980392},"slope":null,"std_dev":{"confidence_interval":{"confidence_level":0.95,"lower_bound":75796854.94506663,"upper_bound":264396601.62587833},"point_estimate":188679450.2365623,"standard_error":55338715.377188504}}