{"mean":{"confidence_interval":{"confidence_level":0.95,"lower_bound":728125559.0,"upper_bound":731625641.6},"point_estimate":729888981.9,"standard_error":882994.6349631738},"median":{"confidence_interval":{"confidence_level":0.95,"lower_bound":727168985.0,"upper_bound":732943373.0},"point_estimate":729363624.5,"standard_error":1979662.7721562427},"median_abs_dev":{"confidence_interval":{"confidence_level":0.95,"lower_bound":326754.65599894524,"upper_bound":4425685.459828377},"point_estimate":3826528.2628655434,"standard_error":1287103.075479273},"slope":null,"std_dev":{"confidence_interval":{"confidence_level":0.95,"lower_bound":1958372.5461005736,"upper_bound":3203717.7125158636},"point_estimate":2920473.195779009,"standard_error":310300.9472649692}}