{"mean":{"confidence_interval":{"confidence_level":0.95,"lower_bound":40263124.95,"upper_bound":40278408.033250004},"point_estimate":40270674.99,"standard_error":3884.923631039131},"median":{"confidence_interval":{"confidence_level":0.95,"lower_bound":40258801.25,"upper_bound":40278798.25},"point_estimate":40272039.5,"standard_error":5309.269347978994},"median_abs_dev":{"confidence_interval":{"confidence_level":0.95,"lower_bound":35897.82251268625,"upper_bound":54510.75323224068},"point_estimate":45801.21968686581,"standard_error":4668.246524315334},"slope":null,"std_dev":{"confidence_interval":{"confidence_level":0.95,"lower_bound":34425.103071902566,"upper_bound":43058.91133923941},"point_estimate":38954.26508209027,"standard_error":2205.409153541706}}