{"mean":{"confidence_interval":{"confidence_level":0.95,"lower_bound":569368550.3,"upper_bound":1513691943.8},"point_estimate":1036117007.0,"standard_error":240853362.89535663},"median":{"confidence_interval":{"confidence_level":0.95,"lower_bound":369723921.5,"upper_bound":1971206807.0},"point_estimate":549304439.5,"standard_error":542932062.0143939},"median_abs_dev":{"confidence_interval":{"confidence_level":0.95,"lower_bound":54907376.8945992,"upper_bound":1203432727.1128983},"point_estimate":358921772.90896475,"standard_error":380127923.6916936},"slope":null,"std_dev":{"confidence_interval":{"confidence_level":0.95,"lower_bound":502913838.1855476,"upper_bound":857976146.1932052},"point_estimate":803201077.706388,"standard_error":95813206.59254564}}