{"mean":{"confidence_interval":{"confidence_level":0.95,"lower_bound":5116981.573000002,"upper_bound":5118119.103000001},"point_estimate":5117539.414999999,"standard_error":290.04661376042986},"median":{"confidence_interval":{"confidence_level":0.95,"lower_bound":5116387.8,"upper_bound":5117514.8},"point_estimate":5117077.4,"standard_error":305.3981736968179},"median_abs_dev":{"confidence_interval":{"confidence_level":0.95,"lower_bound":1649.7631207108498,"upper_bound":3246.3009023674667},"point_estimate":2381.870987713751,"standard_error":393.47667104566443},"slope":null,"std_dev":{"confidence_interval":{"confidence_level":0.95,"lower_bound":2351.9578923179533,"upper_bound":3446.5359092418034},"point_estimate":2907.1559651543635,"standard_error":281.15347024002597}}