{"mean":{"confidence_interval":{"confidence_level":0.95,"lower_bound":5063379.04,"upper_bound":5065423.802},"point_estimate":5064265.686000001,"standard_error":527.2085717493967},"median":{"confidence_interval":{"confidence_level":0.95,"lower_bound":5062729.9,"upper_bound":5064073.85},"point_estimate":5063233.199999999,"standard_error":345.9919666108807},"median_abs_dev":{"confidence_interval":{"confidence_level":0.95,"lower_bound":2145.173901915412,"upper_bound":3570.8494496047547},"point_estimate":2888.9201787111383,"standard_error":362.3549396468002},"slope":null,"std_dev":{"confidence_interval":{"confidence_level":0.95,"lower_bound":2654.691879779061,"upper_bound":8079.136892582385},"point_estimate":5287.249254097427,"standard_error":1699.2845150041742}}