{"mean":{"confidence_interval":{"confidence_level":0.95,"lower_bound":17073949161.7125,"upper_bound":17089284821.1},"point_estimate":17081501163.0,"standard_error":3905911.9610009105},"median":{"confidence_interval":{"confidence_level":0.95,"lower_bound":17070293731.0,"upper_bound":17091099949.0},"point_estimate":17081967806.0,"standard_error":5474766.739665193},"median_abs_dev":{"confidence_interval":{"confidence_level":0.95,"lower_bound":3956682.7493548393,"upper_bound":22014426.480665803},"point_estimate":12815583.794277906,"standard_error":4668694.305460197},"slope":null,"std_dev":{"confidence_interval":{"confidence_level":0.95,"lower_bound":7514044.1732961405,"upper_bound":16224044.1590372},"point_estimate":12971178.623251319,"standard_error":2249407.0664598485}}