{"mean":{"confidence_interval":{"confidence_level":0.95,"lower_bound":29061025279.93,"upper_bound":47814459049.60499},"point_estimate":39048001779.6,"standard_error":4799496504.558141},"median":{"confidence_interval":{"confidence_level":0.95,"lower_bound":18537038311.0,"upper_bound":50176367914.0},"point_estimate":45970796765.5,"standard_error":7507033680.474417},"median_abs_dev":{"confidence_interval":{"confidence_level":0.95,"lower_bound":1335490556.915903,"upper_bound":23977683616.34302},"point_estimate":6380878510.376162,"standard_error":6067521178.425113},"slope":null,"std_dev":{"confidence_interval":{"confidence_level":0.95,"lower_bound":4233117781.5349097,"upper_bound":18402630789.541004},"point_estimate":15902723712.751509,"standard_error":2920665540.4671884}}