{"mean":{"confidence_interval":{"confidence_level":0.95,"lower_bound":2476857.3266666667,"upper_bound":2477535.9776190477},"point_estimate":2477194.972857142,"standard_error":173.1861412761617},"median":{"confidence_interval":{"confidence_level":0.95,"lower_bound":2476730.8333333335,"upper_bound":2477877.261904762},"point_estimate":2477214.7142857146,"standard_error":272.074399182398},"median_abs_dev":{"confidence_interval":{"confidence_level":0.95,"lower_bound":1415.4434898708944,"upper_bound":2213.1687607087288},"point_estimate":1804.4653679642045,"standard_error":202.17894830401585},"slope":null,"std_dev":{"confidence_interval":{"confidence_level":0.95,"lower_bound":1511.5499202758185,"upper_bound":1926.0915883367807},"point_estimate":1729.624644339079,"standard_error":105.75337734937973}}