{"mean":{"confidence_interval":{"confidence_level":0.95,"lower_bound":5118443.952750002,"upper_bound":5121455.636000002},"point_estimate":5119834.109000001,"standard_error":772.1295310068733},"median":{"confidence_interval":{"confidence_level":0.95,"lower_bound":5117180.8,"upper_bound":5119390.05},"point_estimate":5118056.15,"standard_error":547.5678829982567},"median_abs_dev":{"confidence_interval":{"confidence_level":0.95,"lower_bound":2798.9263603092622,"upper_bound":4912.298492789682},"point_estimate":3820.1412221781075,"standard_error":548.9294189022273},"slope":null,"std_dev":{"confidence_interval":{"confidence_level":0.95,"lower_bound":4632.982438968174,"upper_bound":10361.282257502638},"point_estimate":7767.392549459086,"standard_error":1443.0661765482018}}