{"mean":{"confidence_interval":{"confidence_level":0.95,"lower_bound":6480840.04875,"upper_bound":6481991.6425},"point_estimate":6481385.97125,"standard_error":290.55912968712823},"median":{"confidence_interval":{"confidence_level":0.95,"lower_bound":6480037.125,"upper_bound":6481400.875},"point_estimate":6480453.3125,"standard_error":344.83414916031916},"median_abs_dev":{"confidence_interval":{"confidence_level":0.95,"lower_bound":1756.602981314063,"upper_bound":2958.620909973979},"point_estimate":2422.3830319941044,"standard_error":324.1746966288442},"slope":null,"std_dev":{"confidence_interval":{"confidence_level":0.95,"lower_bound":2215.6503895113206,"upper_bound":3518.0368906059844},"point_estimate":2895.9820194472554,"standard_error":332.85455417368235}}