{"mean":{"confidence_interval":{"confidence_level":0.95,"lower_bound":9998310088.770008,"upper_bound":67181725186.6},"point_estimate":37896933549.4,"standard_error":14003883414.271996},"median":{"confidence_interval":{"confidence_level":0.95,"lower_bound":6980670423.5,"upper_bound":104190874983.0},"point_estimate":9926824969.0,"standard_error":23748265715.05165},"median_abs_dev":{"confidence_interval":{"confidence_level":0.95,"lower_bound":1373189229.123518,"upper_bound":72386241353.53712},"point_estimate":6483960642.768288,"standard_error":20237487511.397053},"slope":null,"std_dev":{"confidence_interval":{"confidence_level":0.95,"lower_bound":3754613324.52037,"upper_bound":51902790533.71653},"point_estimate":47063707944.47432,"standard_error":9299560217.82975}}