{"mean":{"confidence_interval":{"confidence_level":0.95,"lower_bound":1004547027.0,"upper_bound":1005032662.7},"point_estimate":1004804086.2,"standard_error":124204.39017278013},"median":{"confidence_interval":{"confidence_level":0.95,"lower_bound":1004508204.5,"upper_bound":1005138052.0},"point_estimate":1004861469.0,"standard_error":171629.64672255283},"median_abs_dev":{"confidence_interval":{"confidence_level":0.95,"lower_bound":18715.600767731667,"upper_bound":675597.8277057409},"point_estimate":407129.3657720089,"standard_error":166689.08686435773},"slope":null,"std_dev":{"confidence_interval":{"confidence_level":0.95,"lower_bound":203121.14366325006,"upper_bound":529269.9036130637},"point_estimate":415115.1776819965,"standard_error":84575.24801391376}}