{"mean":{"confidence_interval":{"confidence_level":0.95,"lower_bound":581563930.4,"upper_bound":812349817.9},"point_estimate":695943833.55,"standard_error":58870442.08092524},"median":{"confidence_interval":{"confidence_level":0.95,"lower_bound":524780203.0,"upper_bound":878162311.0},"point_estimate":686833115.25,"standard_error":101853715.27779825},"median_abs_dev":{"confidence_interval":{"confidence_level":0.95,"lower_bound":51942653.97378355,"upper_bound":327682619.3996206},"point_estimate":240810526.43690854,"standard_error":69944852.79397024},"slope":null,"std_dev":{"confidence_interval":{"confidence_level":0.95,"lower_bound":125014476.84599131,"upper_bound":233927420.67208877},"point_estimate":196492651.75891593,"standard_error":27770241.664180603}}