{"mean":{"confidence_interval":{"confidence_level":0.95,"lower_bound":679823712.4,"upper_bound":869476571.0},"point_estimate":773897795.7,"standard_error":48479006.50886565},"median":{"confidence_interval":{"confidence_level":0.95,"lower_bound":612068398.0,"upper_bound":916987030.0},"point_estimate":812351586.0,"standard_error":78275045.56428969},"median_abs_dev":{"confidence_interval":{"confidence_level":0.95,"lower_bound":19119338.686063886,"upper_bound":272690680.56227267},"point_estimate":240960623.0049938,"standard_error":73306571.43373658},"slope":null,"std_dev":{"confidence_interval":{"confidence_level":0.95,"lower_bound":101818384.11446834,"upper_bound":193695145.05318588},"point_estimate":161518704.3052333,"standard_error":23979412.99171282}}