{"mean":{"confidence_interval":{"confidence_level":0.95,"lower_bound":5919165.756666665,"upper_bound":5920267.4311666675},"point_estimate":5919721.074444446,"standard_error":278.9868524051504},"median":{"confidence_interval":{"confidence_level":0.95,"lower_bound":5918960.777777778,"upper_bound":5920267.111111111},"point_estimate":5919408.055555556,"standard_error":303.127138814031},"median_abs_dev":{"confidence_interval":{"confidence_level":0.95,"lower_bound":2055.707230170491,"upper_bound":3196.8150099115483},"point_estimate":2629.473419984105,"standard_error":300.079273800432},"slope":null,"std_dev":{"confidence_interval":{"confidence_level":0.95,"lower_bound":2269.16652022275,"upper_bound":3319.28678856637},"point_estimate":2800.570852727816,"standard_error":271.4439985066412}}