{"mean":{"confidence_interval":{"confidence_level":0.95,"lower_bound":564009017.6,"upper_bound":573671684.2700001},"point_estimate":567271196.4,"standard_error":3028253.6130056144},"median":{"confidence_interval":{"confidence_level":0.95,"lower_bound":563950171.5,"upper_bound":564310248.0},"point_estimate":564163239.5,"standard_error":741988.3134151923},"median_abs_dev":{"confidence_interval":{"confidence_level":0.95,"lower_bound":17880.89698255062,"upper_bound":435716.85846447945},"point_estimate":226179.5215845108,"standard_error":983752.5356527749},"slope":null,"std_dev":{"confidence_interval":{"confidence_level":0.95,"lower_bound":125914.44505999566,"upper_bound":15391819.466941394},"point_estimate":10060524.087044232,"standard_error":5710815.143213755}}