{"mean":{"confidence_interval":{"confidence_level":0.95,"lower_bound":585075231.2350001,"upper_bound":738193361.3},"point_estimate":663332922.7,"standard_error":39120681.47446449},"median":{"confidence_interval":{"confidence_level":0.95,"lower_bound":573221109.0,"upper_bound":734151767.5},"point_estimate":700531360.0,"standard_error":42844234.13248244},"median_abs_dev":{"confidence_interval":{"confidence_level":0.95,"lower_bound":8243319.605451822,"upper_bound":225482300.77748895},"point_estimate":62714451.83599591,"standard_error":61373482.30673881},"slope":null,"std_dev":{"confidence_interval":{"confidence_level":0.95,"lower_bound":59929048.04018177,"upper_bound":170379177.35187915},"point_estimate":130539020.81131057,"standard_error":27372874.19661654}}