{"mean":{"confidence_interval":{"confidence_level":0.95,"lower_bound":63028562.973,"upper_bound":63058232.203},"point_estimate":63043259.09,"standard_error":7521.306356970881},"median":{"confidence_interval":{"confidence_level":0.95,"lower_bound":63016248.0,"upper_bound":63059866.0},"point_estimate":63031769.0,"standard_error":12381.747793262515},"median_abs_dev":{"confidence_interval":{"confidence_level":0.95,"lower_bound":62365.93854278329,"upper_bound":94375.19784450506},"point_estimate":79806.87398314476,"standard_error":8228.90798960549},"slope":null,"std_dev":{"confidence_interval":{"confidence_level":0.95,"lower_bound":64815.89756698504,"upper_bound":84737.73010549891},"point_estimate":75170.04563648887,"standard_error":5053.170510040568}}