{"mean":{"confidence_interval":{"confidence_level":0.95,"lower_bound":5908013.070000001,"upper_bound":5909044.442583333},"point_estimate":5908511.431111113,"standard_error":263.77287067447793},"median":{"confidence_interval":{"confidence_level":0.95,"lower_bound":5907972.777777778,"upper_bound":5908674.5},"point_estimate":5908373.611111111,"standard_error":186.45116776807052},"median_abs_dev":{"confidence_interval":{"confidence_level":0.95,"lower_bound":1298.2633769502972,"upper_bound":2975.0839471807813},"point_estimate":2075.145763158568,"standard_error":446.72107300193335},"slope":null,"std_dev":{"confidence_interval":{"confidence_level":0.95,"lower_bound":2074.3498696608435,"upper_bound":3185.675705845693},"point_estimate":2626.901169325833,"standard_error":286.39366829477194}}