{"mean":{"confidence_interval":{"confidence_level":0.95,"lower_bound":15771618036.1,"upper_bound":32893724933.7},"point_estimate":23885446601.8,"standard_error":4409689638.631033},"median":{"confidence_interval":{"confidence_level":0.95,"lower_bound":12908011071.0,"upper_bound":39739723126.0},"point_estimate":17453524057.0,"standard_error":6976628303.435353},"median_abs_dev":{"confidence_interval":{"confidence_level":0.95,"lower_bound":1837897997.9708881,"upper_bound":22894777504.18305},"point_estimate":9659222337.442123,"standard_error":5899547941.549854},"slope":null,"std_dev":{"confidence_interval":{"confidence_level":0.95,"lower_bound":6396102898.489207,"upper_bound":17249036991.132465},"point_estimate":14644753731.578403,"standard_error":2511691200.6944437}}