{"mean":{"confidence_interval":{"confidence_level":0.95,"lower_bound":43041410.035375,"upper_bound":43057491.31474999},"point_estimate":43049311.505,"standard_error":4142.875089314807},"median":{"confidence_interval":{"confidence_level":0.95,"lower_bound":43034556.0,"upper_bound":43056769.5},"point_estimate":43042306.5,"standard_error":5486.8968780004925},"median_abs_dev":{"confidence_interval":{"confidence_level":0.95,"lower_bound":28559.323292970657,"upper_bound":48305.68315990261},"point_estimate":36805.91499656439,"standard_error":5321.773063097631},"slope":null,"std_dev":{"confidence_interval":{"confidence_level":0.95,"lower_bound":34977.84048410245,"upper_bound":47128.47657147978},"point_estimate":41399.14287561801,"standard_error":3119.1120139030595}}