{"mean":{"confidence_interval":{"confidence_level":0.95,"lower_bound":62863200.46975,"upper_bound":62880636.08975},"point_estimate":62871823.16,"standard_error":4446.122798755615},"median":{"confidence_interval":{"confidence_level":0.95,"lower_bound":62857282.0,"upper_bound":62877456.0},"point_estimate":62868852.5,"standard_error":5779.60844854419},"median_abs_dev":{"confidence_interval":{"confidence_level":0.95,"lower_bound":30057.49056637287,"upper_bound":49961.39521300793},"point_estimate":39262.95380294323,"standard_error":4902.476645920825},"slope":null,"std_dev":{"confidence_interval":{"confidence_level":0.95,"lower_bound":37240.7510444221,"upper_bound":51762.16311898747},"point_estimate":44851.65171146843,"standard_error":3738.333901093113}}