{"mean":{"confidence_interval":{"confidence_level":0.95,"lower_bound":131304973.78797619,"upper_bound":131350158.78690477},"point_estimate":131328614.89662698,"standard_error":11559.782851362997},"median":{"confidence_interval":{"confidence_level":0.95,"lower_bound":131307022.3,"upper_bound":131348479.35416666},"point_estimate":131332294.14285713,"standard_error":10594.478934044453},"median_abs_dev":{"confidence_interval":{"confidence_level":0.95,"lower_bound":2179.5022688178824,"upper_bound":63246.343472157365},"point_estimate":22611.464018579627,"standard_error":14912.686369796576},"slope":{"confidence_interval":{"confidence_level":0.95,"lower_bound":131325158.59918201,"upper_bound":131349017.34800866},"point_estimate":131334258.92727272,"standard_error":6072.27368917849},"std_dev":{"confidence_interval":{"confidence_level":0.95,"lower_bound":12981.526923294921,"upper_bound":52852.7574892795},"point_estimate":38311.448342478325,"standard_error":9863.346439136014}}