{"mean":{"confidence_interval":{"confidence_level":0.95,"lower_bound":27771699602.79,"upper_bound":27800094340.7},"point_estimate":27786130992.2,"standard_error":7316303.442116936},"median":{"confidence_interval":{"confidence_level":0.95,"lower_bound":27762773800.5,"upper_bound":27809651273.5},"point_estimate":27786546365.0,"standard_error":12774010.752027515},"median_abs_dev":{"confidence_interval":{"confidence_level":0.95,"lower_bound":5186276.29622519,"upper_bound":41212584.62913036},"point_estimate":30805720.966789126,"standard_error":9736048.784862213},"slope":null,"std_dev":{"confidence_interval":{"confidence_level":0.95,"lower_bound":15530245.862782964,"upper_bound":28892427.69950636},"point_estimate":24512400.638463225,"standard_error":3416262.1873526075}}