{"mean":{"confidence_interval":{"confidence_level":0.95,"lower_bound":2472887.674416668,"upper_bound":2473457.062857143},"point_estimate":2473168.9219047623,"standard_error":146.0689994150636},"median":{"confidence_interval":{"confidence_level":0.95,"lower_bound":2472854.619047619,"upper_bound":2473495.8571428573},"point_estimate":2473167.3809523806,"standard_error":176.42000781271105},"median_abs_dev":{"confidence_interval":{"confidence_level":0.95,"lower_bound":1042.3030814953884,"upper_bound":1805.3478679487505},"point_estimate":1415.1769748755535,"standard_error":200.69442715137393},"slope":null,"std_dev":{"confidence_interval":{"confidence_level":0.95,"lower_bound":1238.6789455377238,"upper_bound":1698.6168365666224},"point_estimate":1473.5520761064759,"standard_error":117.28416509889028}}