{"mean":{"confidence_interval":{"confidence_level":0.95,"lower_bound":6496024.17625,"upper_bound":6497020.1875},"point_estimate":6496506.50375,"standard_error":255.09387006880007},"median":{"confidence_interval":{"confidence_level":0.95,"lower_bound":6495603.375,"upper_bound":6497029.5},"point_estimate":6496337.5,"standard_error":336.0210474392887},"median_abs_dev":{"confidence_interval":{"confidence_level":0.95,"lower_bound":1681.2683701515198,"upper_bound":2674.4250275194645},"point_estimate":2111.4076875150204,"standard_error":266.24172740439064},"slope":null,"std_dev":{"confidence_interval":{"confidence_level":0.95,"lower_bound":1971.3682519565893,"upper_bound":3248.516324829413},"point_estimate":2572.117620093539,"standard_error":339.6650142098261}}