{"mean":{"confidence_interval":{"confidence_level":0.95,"lower_bound":44125234.17686211,"upper_bound":44142323.21029266},"point_estimate":44133978.040992066,"standard_error":4412.237879279207},"median":{"confidence_interval":{"confidence_level":0.95,"lower_bound":44124935.86111111,"upper_bound":44143011.25},"point_estimate":44134993.20634921,"standard_error":3836.0456495928493},"median_abs_dev":{"confidence_interval":{"confidence_level":0.95,"lower_bound":2476.8479893617186,"upper_bound":25279.12968453556},"point_estimate":9319.796404541275,"standard_error":6216.188321610368},"slope":{"confidence_interval":{"confidence_level":0.95,"lower_bound":44134715.65073138,"upper_bound":44147667.62771739},"point_estimate":44140984.74891775,"standard_error":3297.97092863386},"std_dev":{"confidence_interval":{"confidence_level":0.95,"lower_bound":6610.469081123655,"upper_bound":19574.610196820562},"point_estimate":14726.280843566603,"standard_error":3345.474583869312}}