{"mean":{"confidence_interval":{"confidence_level":0.95,"lower_bound":989447631.9,"upper_bound":989678709.4},"point_estimate":989572008.2,"standard_error":59191.111991359416},"median":{"confidence_interval":{"confidence_level":0.95,"lower_bound":989375783.0,"upper_bound":989745654.0},"point_estimate":989634944.0,"standard_error":89604.53159919438},"median_abs_dev":{"confidence_interval":{"confidence_level":0.95,"lower_bound":21685.98981499672,"upper_bound":311866.38706326485},"point_estimate":171007.52876400948,"standard_error":77800.96382397391},"slope":null,"std_dev":{"confidence_interval":{"confidence_level":0.95,"lower_bound":87102.38865591842,"upper_bound":241417.3883449062},"point_estimate":197612.30961140947,"standard_error":36399.116103046166}}