{"mean":{"confidence_interval":{"confidence_level":0.95,"lower_bound":40512648.963861115,"upper_bound":40542026.34555556},"point_estimate":40527477.31481482,"standard_error":7528.3717910596715},"median":{"confidence_interval":{"confidence_level":0.95,"lower_bound":40512462.0,"upper_bound":40549551.56666667},"point_estimate":40521703.18518519,"standard_error":11199.284178609305},"median_abs_dev":{"confidence_interval":{"confidence_level":0.95,"lower_bound":4881.858518885446,"upper_bound":46169.868170318776},"point_estimate":25746.139262917233,"standard_error":10933.130196178598},"slope":{"confidence_interval":{"confidence_level":0.95,"lower_bound":40517859.40719697,"upper_bound":40543874.237158686},"point_estimate":40531304.101298705,"standard_error":6757.744938467074},"std_dev":{"confidence_interval":{"confidence_level":0.95,"lower_bound":14763.434396847108,"upper_bound":32258.557422113925},"point_estimate":25171.045702883064,"standard_error":4626.32243651157}}