{"mean":{"confidence_interval":{"confidence_level":0.95,"lower_bound":98928709.2054365,"upper_bound":120074078.4641121},"point_estimate":109253912.51646826,"standard_error":5473636.070521484},"median":{"confidence_interval":{"confidence_level":0.95,"lower_bound":93797614.83928572,"upper_bound":128245943.6},"point_estimate":104149384.99305555,"standard_error":9504730.366365742},"median_abs_dev":{"confidence_interval":{"confidence_level":0.95,"lower_bound":4158067.166021213,"upper_bound":28436334.88285413},"point_estimate":22245618.280931327,"standard_error":6706945.610935028},"slope":{"confidence_interval":{"confidence_level":0.95,"lower_bound":98547233.1309463,"upper_bound":116494581.09509088},"point_estimate":107674586.70649351,"standard_error":4648897.8429252},"std_dev":{"confidence_interval":{"confidence_level":0.95,"lower_bound":11146975.354121307,"upper_bound":21705167.59093429},"point_estimate":18195524.376209352,"standard_error":2704510.4428939}}