{"mean":{"confidence_interval":{"confidence_level":0.95,"lower_bound":41337509.275,"upper_bound":41348132.744125},"point_estimate":41342774.205,"standard_error":2684.585373165749},"median":{"confidence_interval":{"confidence_level":0.95,"lower_bound":41332204.25,"upper_bound":41347522.75},"point_estimate":41341083.25,"standard_error":3896.666440831435},"median_abs_dev":{"confidence_interval":{"confidence_level":0.95,"lower_bound":18918.716964125633,"upper_bound":33493.78665536642},"point_estimate":24380.244617164135,"standard_error":3608.8511040473386},"slope":null,"std_dev":{"confidence_interval":{"confidence_level":0.95,"lower_bound":23313.12289102254,"upper_bound":30095.542543199685},"point_estimate":26924.697706967683,"standard_error":1729.6834727892406}}