{"mean":{"confidence_interval":{"confidence_level":0.95,"lower_bound":1103745278.7175,"upper_bound":2001473246.717496},"point_estimate":1575158017.7,"standard_error":226327424.51549307},"median":{"confidence_interval":{"confidence_level":0.95,"lower_bound":560975307.0,"upper_bound":2106776527.5},"point_estimate":1984670572.5,"standard_error":382847246.2944529},"median_abs_dev":{"confidence_interval":{"confidence_level":0.95,"lower_bound":8389879.060649872,"upper_bound":1223179911.3054156},"point_estimate":187310556.12247288,"standard_error":317829598.74312973},"slope":null,"std_dev":{"confidence_interval":{"confidence_level":0.95,"lower_bound":119339744.70798816,"upper_bound":852783458.1924262},"point_estimate":753428912.9383456,"standard_error":145329827.37574762}}