{"mean":{"confidence_interval":{"confidence_level":0.95,"lower_bound":1778607.0275900383,"upper_bound":1816477.043636437},"point_estimate":1797758.5200584768,"standard_error":9620.567611528362},"median":{"confidence_interval":{"confidence_level":0.95,"lower_bound":1782957.391304348,"upper_bound":1813125.1187943262},"point_estimate":1798765.0887078652,"standard_error":7346.238438300068},"median_abs_dev":{"confidence_interval":{"confidence_level":0.95,"lower_bound":46018.3182130116,"upper_bound":78553.35194475895},"point_estimate":63993.42559888955,"standard_error":8226.375449321707},"slope":{"confidence_interval":{"confidence_level":0.95,"lower_bound":1778969.7410827067,"upper_bound":1802516.360225935},"point_estimate":1790360.4367016403,"standard_error":6019.230538735956},"std_dev":{"confidence_interval":{"confidence_level":0.95,"lower_bound":72358.6562161202,"upper_bound":118187.14302962791},"point_estimate":96314.53984515986,"standard_error":11761.816227779815}}