{"mean":{"confidence_interval":{"confidence_level":0.95,"lower_bound":605994474.975,"upper_bound":755156224.9},"point_estimate":680250335.8,"standard_error":38223540.47843409},"median":{"confidence_interval":{"confidence_level":0.95,"lower_bound":566957778.5,"upper_bound":817180834.0},"point_estimate":658225010.5,"standard_error":64831179.46814002},"median_abs_dev":{"confidence_interval":{"confidence_level":0.95,"lower_bound":36859068.429520726,"upper_bound":210197838.1334424},"point_estimate":149941124.14971292,"standard_error":47741621.86294743},"slope":null,"std_dev":{"confidence_interval":{"confidence_level":0.95,"lower_bound":80020256.62970993,"upper_bound":152208869.40272987},"point_estimate":128344581.31301707,"standard_error":18381293.391924284}}