{"mean":{"confidence_interval":{"confidence_level":0.95,"lower_bound":991525411.4,"upper_bound":991788400.8},"point_estimate":991660811.9,"standard_error":67127.33951588022},"median":{"confidence_interval":{"confidence_level":0.95,"lower_bound":991453902.0,"upper_bound":991874162.0},"point_estimate":991669008.5,"standard_error":125792.36667681568},"median_abs_dev":{"confidence_interval":{"confidence_level":0.95,"lower_bound":15553.956323862076,"upper_bound":351515.55815935135},"point_estimate":307279.2227447033,"standard_error":95341.98648000012},"slope":null,"std_dev":{"confidence_interval":{"confidence_level":0.95,"lower_bound":143290.86325217196,"upper_bound":259989.362420337},"point_estimate":222182.43491751948,"standard_error":29824.997798220473}}