{"mean":{"confidence_interval":{"confidence_level":0.95,"lower_bound":17025841390.8,"upper_bound":17044434295.9325},"point_estimate":17035329916.6,"standard_error":4768056.737403229},"median":{"confidence_interval":{"confidence_level":0.95,"lower_bound":17023005393.0,"upper_bound":17049157235.0},"point_estimate":17036057660.5,"standard_error":6414469.050222364},"median_abs_dev":{"confidence_interval":{"confidence_level":0.95,"lower_bound":3528516.772556305,"upper_bound":27374985.36899686},"point_estimate":16999475.730898976,"standard_error":5921166.204519714},"slope":null,"std_dev":{"confidence_interval":{"confidence_level":0.95,"lower_bound":8724696.984561682,"upper_bound":19791016.326262657},"point_estimate":15888950.943837525,"standard_error":2800176.4677455537}}