{"mean":{"confidence_interval":{"confidence_level":0.95,"lower_bound":63557048.61,"upper_bound":63579694.061},"point_estimate":63568274.38,"standard_error":5837.665882357072},"median":{"confidence_interval":{"confidence_level":0.95,"lower_bound":63551937.0,"upper_bound":63580243.0},"point_estimate":63563810.5,"standard_error":7445.331108932672},"median_abs_dev":{"confidence_interval":{"confidence_level":0.95,"lower_bound":38794.452211260796,"upper_bound":64987.545946240425},"point_estimate":52524.06926751137,"standard_error":6710.498435611011},"slope":null,"std_dev":{"confidence_interval":{"confidence_level":0.95,"lower_bound":49502.0687454766,"upper_bound":67693.28560561493},"point_estimate":59057.97287664541,"standard_error":4601.401132869675}}