{"mean":{"confidence_interval":{"confidence_level":0.95,"lower_bound":65600672.93,"upper_bound":65623638.63},"point_estimate":65612012.14,"standard_error":5883.208385234901},"median":{"confidence_interval":{"confidence_level":0.95,"lower_bound":65589247.5,"upper_bound":65615490.925},"point_estimate":65606377.0,"standard_error":5809.250941346809},"median_abs_dev":{"confidence_interval":{"confidence_level":0.95,"lower_bound":45591.431790590286,"upper_bound":69214.43847119808},"point_estimate":59764.34623897076,"standard_error":5830.222093282446},"slope":null,"std_dev":{"confidence_interval":{"confidence_level":0.95,"lower_bound":48429.50757798452,"upper_bound":70018.11716803238},"point_estimate":59721.83648255376,"standard_error":5465.261008232479}}