{"mean":{"confidence_interval":{"confidence_level":0.95,"lower_bound":742080707.12,"upper_bound":742290089.615},"point_estimate":742182300.3,"standard_error":53266.73274577927},"median":{"confidence_interval":{"confidence_level":0.95,"lower_bound":742023446.5,"upper_bound":742333208.0},"point_estimate":742156057.0,"standard_error":80294.15816029404},"median_abs_dev":{"confidence_interval":{"confidence_level":0.95,"lower_bound":54144.551038742065,"upper_bound":296661.5830332041},"point_estimate":211602.59864330292,"standard_error":64486.10085179036},"slope":null,"std_dev":{"confidence_interval":{"confidence_level":0.95,"lower_bound":98902.56084112955,"upper_bound":219356.6095108602},"point_estimate":177809.1458902869,"standard_error":30301.414624228564}}