{"mean":{"confidence_interval":{"confidence_level":0.95,"lower_bound":1058145.506430838,"upper_bound":1068156.8270106826},"point_estimate":1062559.3634211267,"standard_error":2557.5389379240596},"median":{"confidence_interval":{"confidence_level":0.95,"lower_bound":1059167.2386828645,"upper_bound":1065067.2562134503},"point_estimate":1062005.1627176018,"standard_error":1524.2564896590204},"median_abs_dev":{"confidence_interval":{"confidence_level":0.95,"lower_bound":8614.36699342807,"upper_bound":14480.030217747522},"point_estimate":10899.554772744163,"standard_error":1492.7371917247176},"slope":{"confidence_interval":{"confidence_level":0.95,"lower_bound":1059669.5006439388,"upper_bound":1064146.8083680763},"point_estimate":1061942.9569499039,"standard_error":1150.8813827901986},"std_dev":{"confidence_interval":{"confidence_level":0.95,"lower_bound":11130.534769108719,"upper_bound":39975.419171041896},"point_estimate":25573.108449745934,"standard_error":8285.572866690227}}