{"mean":{"confidence_interval":{"confidence_level":0.95,"lower_bound":415916472.8,"upper_bound":416053708.6825},"point_estimate":415981856.9,"standard_error":35291.356572849494},"median":{"confidence_interval":{"confidence_level":0.95,"lower_bound":415888777.5,"upper_bound":416085967.0},"point_estimate":415942417.0,"standard_error":57173.268734795965},"median_abs_dev":{"confidence_interval":{"confidence_level":0.95,"lower_bound":13719.980156421661,"upper_bound":196342.1971142292},"point_estimate":110170.52144408226,"standard_error":51298.44986819204},"slope":null,"std_dev":{"confidence_interval":{"confidence_level":0.95,"lower_bound":62283.96744122888,"upper_bound":141999.8429382543},"point_estimate":117382.66884610067,"standard_error":20099.09106923144}}