{"mean":{"confidence_interval":{"confidence_level":0.95,"lower_bound":42238238.88,"upper_bound":42248903.202625},"point_estimate":42243432.875,"standard_error":2708.3757340991897},"median":{"confidence_interval":{"confidence_level":0.95,"lower_bound":42232492.5,"upper_bound":42247308.5},"point_estimate":42241096.75,"standard_error":3576.8643778920623},"median_abs_dev":{"confidence_interval":{"confidence_level":0.95,"lower_bound":21614.083716273308,"upper_bound":33789.19470012188},"point_estimate":27722.766257822514,"standard_error":2896.0147883760046},"slope":null,"std_dev":{"confidence_interval":{"confidence_level":0.95,"lower_bound":23580.02219599439,"upper_bound":30048.860975099928},"point_estimate":27067.899480561337,"standard_error":1656.5346917529027}}