{"mean":{"confidence_interval":{"confidence_level":0.95,"lower_bound":600599052.8,"upper_bound":823066909.9},"point_estimate":710693546.9,"standard_error":56738181.63141897},"median":{"confidence_interval":{"confidence_level":0.95,"lower_bound":573468299.0,"upper_bound":884431582.0},"point_estimate":690733159.0,"standard_error":87811368.11638974},"median_abs_dev":{"confidence_interval":{"confidence_level":0.95,"lower_bound":34820326.67321563,"upper_bound":309629655.94127476},"point_estimate":198251995.6682235,"standard_error":71044716.37708135},"slope":null,"std_dev":{"confidence_interval":{"confidence_level":0.95,"lower_bound":112444221.14307345,"upper_bound":233251826.20515135},"point_estimate":188530689.634293,"standard_error":30870061.757349566}}