{"mean":{"confidence_interval":{"confidence_level":0.95,"lower_bound":5893873.411111112,"upper_bound":5895026.235555555},"point_estimate":5894438.515555557,"standard_error":295.9553538486744},"median":{"confidence_interval":{"confidence_level":0.95,"lower_bound":5893406.166666666,"upper_bound":5894795.0},"point_estimate":5894022.944444444,"standard_error":414.21914970209866},"median_abs_dev":{"confidence_interval":{"confidence_level":0.95,"lower_bound":2058.6621342853814,"upper_bound":3345.651573935991},"point_estimate":2679.7170857582314,"standard_error":337.1602929193652},"slope":null,"std_dev":{"confidence_interval":{"confidence_level":0.95,"lower_bound":2419.2728954475633,"upper_bound":3463.945207523935},"point_estimate":2960.4956727948243,"standard_error":266.6908002808244}}