{"mean":{"confidence_interval":{"confidence_level":0.95,"lower_bound":19038833.352333333,"upper_bound":19048281.120746028},"point_estimate":19043838.44063492,"standard_error":2408.798581972901},"median":{"confidence_interval":{"confidence_level":0.95,"lower_bound":19039873.897619046,"upper_bound":19048753.955},"point_estimate":19045172.270000003,"standard_error":1934.2970398675338},"median_abs_dev":{"confidence_interval":{"confidence_level":0.95,"lower_bound":627.2732228634533,"upper_bound":13136.082866784229},"point_estimate":4135.403751580987,"standard_error":3343.8955918545203},"slope":{"confidence_interval":{"confidence_level":0.95,"lower_bound":19042393.206944995,"upper_bound":19051468.834157303},"point_estimate":19046996.135584414,"standard_error":2331.4319812258245},"std_dev":{"confidence_interval":{"confidence_level":0.95,"lower_bound":3271.782922060684,"upper_bound":10905.743420724502},"point_estimate":7992.13216229817,"standard_error":1991.7835159734411}}