{"mean":{"confidence_interval":{"confidence_level":0.95,"lower_bound":65233919.547749996,"upper_bound":65255410.0665},"point_estimate":65244487.83,"standard_error":5448.118107163574},"median":{"confidence_interval":{"confidence_level":0.95,"lower_bound":65229915.0,"upper_bound":65253176.5},"point_estimate":65242065.0,"standard_error":6329.371592408165},"median_abs_dev":{"confidence_interval":{"confidence_level":0.95,"lower_bound":45442.43049323559,"upper_bound":70914.23934102058},"point_estimate":57432.957780361176,"standard_error":6577.994383652302},"slope":null,"std_dev":{"confidence_interval":{"confidence_level":0.95,"lower_bound":46815.41827770134,"upper_bound":61880.30303178184},"point_estimate":54673.204652654196,"standard_error":3839.7335205115232}}