{"mean":{"confidence_interval":{"confidence_level":0.95,"lower_bound":304260.3988880339,"upper_bound":308272.07720004604},"point_estimate":306182.9846521535,"standard_error":1031.394888669373},"median":{"confidence_interval":{"confidence_level":0.95,"lower_bound":304787.6323529412,"upper_bound":307963.3968253968},"point_estimate":305553.66220238095,"standard_error":835.898589237768},"median_abs_dev":{"confidence_interval":{"confidence_level":0.95,"lower_bound":4170.767987512914,"upper_bound":7687.819606540244},"point_estimate":5867.686484807974,"standard_error":913.0849582523597},"slope":{"confidence_interval":{"confidence_level":0.95,"lower_bound":303832.07268966973,"upper_bound":306240.59682118316},"point_estimate":305047.0011327028,"standard_error":612.8123947701204},"std_dev":{"confidence_interval":{"confidence_level":0.95,"lower_bound":6994.784279080053,"upper_bound":13680.090476107973},"point_estimate":10364.50577624841,"standard_error":1726.9484334955125}}