{"mean":{"confidence_interval":{"confidence_level":0.95,"lower_bound":41380911.484125,"upper_bound":41399798.33325},"point_estimate":41390188.98,"standard_error":4834.585489159426},"median":{"confidence_interval":{"confidence_level":0.95,"lower_bound":41373295.5,"upper_bound":41401159.5},"point_estimate":41387754.75,"standard_error":7090.965636757709},"median_abs_dev":{"confidence_interval":{"confidence_level":0.95,"lower_bound":39693.84368654342,"upper_bound":64214.37005996704},"point_estimate":52455.12836873531,"standard_error":6466.88227140191},"slope":null,"std_dev":{"confidence_interval":{"confidence_level":0.95,"lower_bound":42293.61817414605,"upper_bound":54521.20375779694},"point_estimate":48717.19905787945,"standard_error":3128.7177571395405}}