{"mean":{"confidence_interval":{"confidence_level":0.95,"lower_bound":28526291570.135,"upper_bound":28717502868.7},"point_estimate":28594237974.0,"standard_error":56752787.74034444},"median":{"confidence_interval":{"confidence_level":0.95,"lower_bound":28520703957.0,"upper_bound":28556168975.0},"point_estimate":28537411695.5,"standard_error":20143658.869941205},"median_abs_dev":{"confidence_interval":{"confidence_level":0.95,"lower_bound":2390278.0708640814,"upper_bound":47617622.59681821},"point_estimate":24620534.78399813,"standard_error":19971461.691349234},"slope":null,"std_dev":{"confidence_interval":{"confidence_level":0.95,"lower_bound":12598805.353821892,"upper_bound":289609396.3492396},"point_estimate":188365688.78279614,"standard_error":99576961.70954356}}