{"mean":{"confidence_interval":{"confidence_level":0.95,"lower_bound":551697803.9,"upper_bound":551843592.8775},"point_estimate":551767882.5,"standard_error":37194.03154308004},"median":{"confidence_interval":{"confidence_level":0.95,"lower_bound":551673170.0,"upper_bound":551858798.0},"point_estimate":551745981.5,"standard_error":46049.09422062862},"median_abs_dev":{"confidence_interval":{"confidence_level":0.95,"lower_bound":29156.06978237629,"upper_bound":208005.81110715866},"point_estimate":113215.78179001808,"standard_error":44016.122763580715},"slope":null,"std_dev":{"confidence_interval":{"confidence_level":0.95,"lower_bound":63094.547930422996,"upper_bound":161900.80131446748},"point_estimate":123908.69379618921,"standard_error":25966.345294244835}}