{"mean":{"confidence_interval":{"confidence_level":0.95,"lower_bound":552950884.1725,"upper_bound":553247310.8},"point_estimate":553093425.6,"standard_error":76362.30700694506},"median":{"confidence_interval":{"confidence_level":0.95,"lower_bound":552954709.0,"upper_bound":553196167.0},"point_estimate":553118120.5,"standard_error":70639.90628168089},"median_abs_dev":{"confidence_interval":{"confidence_level":0.95,"lower_bound":32033.79633128643,"upper_bound":416035.3438138962},"point_estimate":168018.60721707344,"standard_error":93627.59639089763},"slope":null,"std_dev":{"confidence_interval":{"confidence_level":0.95,"lower_bound":103000.02206089301,"upper_bound":353183.61472462956},"point_estimate":255404.20608526486,"standard_error":65285.257024485654}}