{"mean":{"confidence_interval":{"confidence_level":0.95,"lower_bound":66965251.1355,"upper_bound":66986839.05},"point_estimate":66975892.59,"standard_error":5458.6835676762075},"median":{"confidence_interval":{"confidence_level":0.95,"lower_bound":66954428.0,"upper_bound":66986732.0},"point_estimate":66967331.5,"standard_error":7098.413564033141},"median_abs_dev":{"confidence_interval":{"confidence_level":0.95,"lower_bound":44331.963112950325,"upper_bound":68193.66838932037},"point_estimate":54581.17673099041,"standard_error":5900.83819724271},"slope":null,"std_dev":{"confidence_interval":{"confidence_level":0.95,"lower_bound":47638.33745834389,"upper_bound":62540.191325780965},"point_estimate":55484.26517329125,"standard_error":3793.8191314676315}}