{"mean":{"confidence_interval":{"confidence_level":0.95,"lower_bound":40701130.125,"upper_bound":40713500.34},"point_estimate":40707195.645,"standard_error":3151.145681621435},"median":{"confidence_interval":{"confidence_level":0.95,"lower_bound":40697275.0,"upper_bound":40711507.0},"point_estimate":40701376.75,"standard_error":3587.6612958559767},"median_abs_dev":{"confidence_interval":{"confidence_level":0.95,"lower_bound":19529.91880327463,"upper_bound":35196.18207514286},"point_estimate":28841.75858795643,"standard_error":3989.683817404648},"slope":null,"std_dev":{"confidence_interval":{"confidence_level":0.95,"lower_bound":25600.211307786274,"upper_bound":37340.93389916612},"point_estimate":31544.482097179338,"standard_error":3003.366818987657}}