{"mean":{"confidence_interval":{"confidence_level":0.95,"lower_bound":27694746606.8,"upper_bound":27732183940.6},"point_estimate":27712971203.7,"standard_error":9513930.971356481},"median":{"confidence_interval":{"confidence_level":0.95,"lower_bound":27692880144.0,"upper_bound":27730133543.0},"point_estimate":27713562851.0,"standard_error":11359801.25122777},"median_abs_dev":{"confidence_interval":{"confidence_level":0.95,"lower_bound":2564177.410876751,"upper_bound":54337215.646621585},"point_estimate":25053147.07811773,"standard_error":12145862.690454258},"slope":null,"std_dev":{"confidence_interval":{"confidence_level":0.95,"lower_bound":15033132.740547841,"upper_bound":42512921.960767776},"point_estimate":31607904.888343304,"standard_error":7145291.425846521}}