{"mean":{"confidence_interval":{"confidence_level":0.95,"lower_bound":604628417.2575,"upper_bound":727932218.4},"point_estimate":665488140.1,"standard_error":31555388.800098147},"median":{"confidence_interval":{"confidence_level":0.95,"lower_bound":583103902.0,"upper_bound":761999829.5},"point_estimate":651407365.0,"standard_error":47877268.869740024},"median_abs_dev":{"confidence_interval":{"confidence_level":0.95,"lower_bound":24288619.9387908,"upper_bound":175323567.06018448},"point_estimate":110536898.58437777,"standard_error":40273334.93394237},"slope":null,"std_dev":{"confidence_interval":{"confidence_level":0.95,"lower_bound":61235341.447845235,"upper_bound":130552839.00720155},"point_estimate":105641876.00550191,"standard_error":17345702.28650263}}