{"mean":{"confidence_interval":{"confidence_level":0.95,"lower_bound":1284489424.0,"upper_bound":3883287272.6},"point_estimate":2585153950.2,"standard_error":680830155.6265309},"median":{"confidence_interval":{"confidence_level":0.95,"lower_bound":426141966.0,"upper_bound":4731882111.5},"point_estimate":2602434188.0,"standard_error":1849374788.5605242},"median_abs_dev":{"confidence_interval":{"confidence_level":0.95,"lower_bound":17397045.292040706,"upper_bound":3223600298.9661546},"point_estimate":3177381539.8378015,"standard_error":1328321292.5067787},"slope":null,"std_dev":{"confidence_interval":{"confidence_level":0.95,"lower_bound":1796363632.8047712,"upper_bound":2290852505.611162},"point_estimate":2273868036.9004445,"standard_error":189731971.67552483}}