{"mean":{"confidence_interval":{"confidence_level":0.95,"lower_bound":19428301731.832516,"upper_bound":37247575105.724976},"point_estimate":28125999676.5,"standard_error":4565768996.248319},"median":{"confidence_interval":{"confidence_level":0.95,"lower_bound":16713546760.0,"upper_bound":44551594214.0},"point_estimate":20408449538.5,"standard_error":8683592608.43766},"median_abs_dev":{"confidence_interval":{"confidence_level":0.95,"lower_bound":1422557808.9609504,"upper_bound":23880877546.840374},"point_estimate":13062758918.91497,"standard_error":6443221121.86115},"slope":null,"std_dev":{"confidence_interval":{"confidence_level":0.95,"lower_bound":9569778257.077513,"upper_bound":17748026721.807083},"point_estimate":15305804158.767525,"standard_error":2070067691.885438}}