{"mean":{"confidence_interval":{"confidence_level":0.95,"lower_bound":538635284.4,"upper_bound":538876082.0},"point_estimate":538746514.5,"standard_error":62021.55333451964},"median":{"confidence_interval":{"confidence_level":0.95,"lower_bound":538605715.0,"upper_bound":538864967.0},"point_estimate":538687829.5,"standard_error":66053.74663904661},"median_abs_dev":{"confidence_interval":{"confidence_level":0.95,"lower_bound":9232.891336083412,"upper_bound":335419.71154510975},"point_estimate":157531.43630325794,"standard_error":82848.94361621921},"slope":null,"std_dev":{"confidence_interval":{"confidence_level":0.95,"lower_bound":71627.4950190994,"upper_bound":265176.0206773355},"point_estimate":205137.11133897738,"standard_error":48277.74429985878}}