{"mean":{"confidence_interval":{"confidence_level":0.95,"lower_bound":341817.65760166605,"upper_bound":345478.6809975949},"point_estimate":343621.2485699525,"standard_error":938.6069151360856},"median":{"confidence_interval":{"confidence_level":0.95,"lower_bound":341565.9895833333,"upper_bound":344036.9881535948},"point_estimate":342533.3447183098,"standard_error":618.1616749611464},"median_abs_dev":{"confidence_interval":{"confidence_level":0.95,"lower_bound":4975.452577661617,"upper_bound":8931.648237088148},"point_estimate":6895.050805672446,"standard_error":1060.0508038430073},"slope":{"confidence_interval":{"confidence_level":0.95,"lower_bound":340866.4708963849,"upper_bound":343554.06309818145},"point_estimate":342183.87685729767,"standard_error":684.0710610521604},"std_dev":{"confidence_interval":{"confidence_level":0.95,"lower_bound":7246.190704835879,"upper_bound":11451.676332885885},"point_estimate":9424.687497675473,"standard_error":1075.6846109182613}}