{"mean":{"confidence_interval":{"confidence_level":0.95,"lower_bound":41320817.719125,"upper_bound":41340129.065},"point_estimate":41330286.975,"standard_error":4929.953776356823},"median":{"confidence_interval":{"confidence_level":0.95,"lower_bound":41308043.5,"upper_bound":41339368.0},"point_estimate":41320028.5,"standard_error":7377.9096338946},"median_abs_dev":{"confidence_interval":{"confidence_level":0.95,"lower_bound":41242.595417797565,"upper_bound":65895.26778012514},"point_estimate":54379.1724845767,"standard_error":6288.246886040603},"slope":null,"std_dev":{"confidence_interval":{"confidence_level":0.95,"lower_bound":43044.800166739595,"upper_bound":55743.290019743974},"point_estimate":49725.552999214124,"standard_error":3215.5901863969693}}