{"mean":{"confidence_interval":{"confidence_level":0.95,"lower_bound":27746001480.575,"upper_bound":27796349570.1},"point_estimate":27771714804.9,"standard_error":12757449.571189215},"median":{"confidence_interval":{"confidence_level":0.95,"lower_bound":27742385946.0,"upper_bound":27801937306.5},"point_estimate":27776144170.5,"standard_error":18701054.45596884},"median_abs_dev":{"confidence_interval":{"confidence_level":0.95,"lower_bound":3467275.0154435635,"upper_bound":73605865.49343467},"point_estimate":41468617.04248488,"standard_error":17175849.276183676},"slope":null,"std_dev":{"confidence_interval":{"confidence_level":0.95,"lower_bound":22998666.250700593,"upper_bound":54630859.634091295},"point_estimate":42324370.32708088,"standard_error":8405019.555987336}}