{"mean":{"confidence_interval":{"confidence_level":0.95,"lower_bound":540990140.8,"upper_bound":883801275.045},"point_estimate":715078139.0,"standard_error":88056145.65274858},"median":{"confidence_interval":{"confidence_level":0.95,"lower_bound":463163956.0,"upper_bound":1002329911.5},"point_estimate":716387824.5,"standard_error":171560182.23595703},"median_abs_dev":{"confidence_interval":{"confidence_level":0.95,"lower_bound":18488080.234470963,"upper_bound":502365270.7226336},"point_estimate":411796397.0098525,"standard_error":137022743.04155707},"slope":null,"std_dev":{"confidence_interval":{"confidence_level":0.95,"lower_bound":190025337.4387883,"upper_bound":349155250.7521132},"point_estimate":294439610.16623,"standard_error":41137587.97886167}}