{"mean":{"confidence_interval":{"confidence_level":0.95,"lower_bound":1187982.0559792942,"upper_bound":1190038.490509647},"point_estimate":1188948.927770959,"standard_error":518.1857527801675},"median":{"confidence_interval":{"confidence_level":0.95,"lower_bound":1188098.6037735848,"upper_bound":1189455.8275834783},"point_estimate":1188791.721042471,"standard_error":320.0541985471277},"median_abs_dev":{"confidence_interval":{"confidence_level":0.95,"lower_bound":2888.321544005185,"upper_bound":4741.540480604934},"point_estimate":3702.5270603451563,"standard_error":478.83732040513434},"slope":{"confidence_interval":{"confidence_level":0.95,"lower_bound":1188078.8963003485,"upper_bound":1189571.9063389956},"point_estimate":1188812.9094606177,"standard_error":384.52047572735955},"std_dev":{"confidence_interval":{"confidence_level":0.95,"lower_bound":4058.92077323267,"upper_bound":6367.122340861318},"point_estimate":5220.350817972829,"standard_error":601.5654475836159}}