{"mean":{"confidence_interval":{"confidence_level":0.95,"lower_bound":491356708.2,"upper_bound":766534068.3474997},"point_estimate":619322675.1,"standard_error":70705436.36428578},"median":{"confidence_interval":{"confidence_level":0.95,"lower_bound":483493352.5,"upper_bound":714613225.0},"point_estimate":574951884.5,"standard_error":50763096.58815469},"median_abs_dev":{"confidence_interval":{"confidence_level":0.95,"lower_bound":17410999.52299297,"upper_bound":377996382.29512274},"point_estimate":116018873.51495326,"standard_error":96126471.46002387},"slope":null,"std_dev":{"confidence_interval":{"confidence_level":0.95,"lower_bound":87576767.11825629,"upper_bound":328093663.37337476},"point_estimate":236405313.61512798,"standard_error":65519120.40492063}}