{"mean":{"confidence_interval":{"confidence_level":0.95,"lower_bound":2475559.52629762,"upper_bound":2475896.1028571436},"point_estimate":2475728.5828571445,"standard_error":84.7590919524437},"median":{"confidence_interval":{"confidence_level":0.95,"lower_bound":2475613.738095238,"upper_bound":2475936.095238095},"point_estimate":2475739.238095238,"standard_error":87.17286029943423},"median_abs_dev":{"confidence_interval":{"confidence_level":0.95,"lower_bound":555.5160901380453,"upper_bound":885.0451142877065},"point_estimate":698.7281875950456,"standard_error":80.04436016599742},"slope":null,"std_dev":{"confidence_interval":{"confidence_level":0.95,"lower_bound":711.1873296369622,"upper_bound":989.8429393215393},"point_estimate":857.7486306325906,"standard_error":71.30613375593909}}