{"mean":{"confidence_interval":{"confidence_level":0.95,"lower_bound":648677752.0,"upper_bound":763680617.0925},"point_estimate":707053705.2,"standard_error":29346765.177895725},"median":{"confidence_interval":{"confidence_level":0.95,"lower_bound":640627381.5,"upper_bound":787137911.5},"point_estimate":699041703.5,"standard_error":32779638.45027727},"median_abs_dev":{"confidence_interval":{"confidence_level":0.95,"lower_bound":7801112.665602565,"upper_bound":174612899.81270134},"point_estimate":76371071.59994245,"standard_error":43486003.502950855},"slope":null,"std_dev":{"confidence_interval":{"confidence_level":0.95,"lower_bound":51229440.64403034,"upper_bound":125772809.6721378},"point_estimate":97389857.17974965,"standard_error":19522294.103681788}}