{"mean":{"confidence_interval":{"confidence_level":0.95,"lower_bound":27741096169.0,"upper_bound":27757244374.1},"point_estimate":27748137202.8,"standard_error":4174073.443855921},"median":{"confidence_interval":{"confidence_level":0.95,"lower_bound":27738702649.0,"upper_bound":27752411241.0},"point_estimate":27745492132.5,"standard_error":3314852.003229303},"median_abs_dev":{"confidence_interval":{"confidence_level":0.95,"lower_bound":1455641.858357191,"upper_bound":16861376.732450724},"point_estimate":10162179.069185257,"standard_error":4013651.609355045},"slope":null,"std_dev":{"confidence_interval":{"confidence_level":0.95,"lower_bound":4554778.447988982,"upper_bound":19828238.377490476},"point_estimate":13852168.100518689,"standard_error":4573427.177732136}}