{"mean":{"confidence_interval":{"confidence_level":0.95,"lower_bound":6438620.557624999,"upper_bound":6454366.68375},"point_estimate":6445416.50375,"standard_error":4040.572044806764},"median":{"confidence_interval":{"confidence_level":0.95,"lower_bound":6435453.0,"upper_bound":6437557.625},"point_estimate":6436673.4375,"standard_error":552.8228249885688},"median_abs_dev":{"confidence_interval":{"confidence_level":0.95,"lower_bound":2602.333603799343,"upper_bound":4318.999048322439},"point_estimate":3650.7171101868153,"standard_error":455.8169863203614},"slope":null,"std_dev":{"confidence_interval":{"confidence_level":0.95,"lower_bound":13817.489460459756,"upper_bound":58032.28218065446},"point_estimate":40249.198628548605,"standard_error":10833.383394633485}}