{"mean":{"confidence_interval":{"confidence_level":0.95,"lower_bound":78040306127.4,"upper_bound":107996684489.9075},"point_estimate":97672998100.1,"standard_error":9187924777.254885},"median":{"confidence_interval":{"confidence_level":0.95,"lower_bound":105367110332.0,"upper_bound":108189098059.5},"point_estimate":107297671083.5,"standard_error":2442858503.1211185},"median_abs_dev":{"confidence_interval":{"confidence_level":0.95,"lower_bound":173598056.42421842,"upper_bound":3576827054.0000257},"point_estimate":1374304502.3516178,"standard_error":2888998934.026209},"slope":null,"std_dev":{"confidence_interval":{"confidence_level":0.95,"lower_bound":911150465.1847062,"upper_bound":46929553542.6049},"point_estimate":30608139374.475986,"standard_error":16958504626.635284}}