{"mean":{"confidence_interval":{"confidence_level":0.95,"lower_bound":725760750.0,"upper_bound":727957849.1},"point_estimate":726820741.0,"standard_error":557192.1719604654},"median":{"confidence_interval":{"confidence_level":0.95,"lower_bound":725289668.0,"upper_bound":728895941.0},"point_estimate":725759414.5,"standard_error":1162364.828595232},"median_abs_dev":{"confidence_interval":{"confidence_level":0.95,"lower_bound":150421.62812948227,"upper_bound":2764929.601612687},"point_estimate":882697.770228982,"standard_error":830493.129204214},"slope":null,"std_dev":{"confidence_interval":{"confidence_level":0.95,"lower_bound":1134658.2510410396,"upper_bound":2027804.708165294},"point_estimate":1832882.6697137794,"standard_error":241673.0173324314}}