{"mean":{"confidence_interval":{"confidence_level":0.95,"lower_bound":44317383510.1,"upper_bound":44356107477.6},"point_estimate":44336906232.9,"standard_error":9952753.168686246},"median":{"confidence_interval":{"confidence_level":0.95,"lower_bound":44313720702.0,"upper_bound":44367137808.5},"point_estimate":44331251115.0,"standard_error":15372567.965151094},"median_abs_dev":{"confidence_interval":{"confidence_level":0.95,"lower_bound":3416116.42075181,"upper_bound":58664199.97840226},"point_estimate":50379093.2926923,"standard_error":16176904.02744077},"slope":null,"std_dev":{"confidence_interval":{"confidence_level":0.95,"lower_bound":19904207.565391976,"upper_bound":41181767.42733509},"point_estimate":33221780.815122947,"standard_error":5559530.607646476}}