{"mean":{"confidence_interval":{"confidence_level":0.95,"lower_bound":549678972.9,"upper_bound":550019493.2},"point_estimate":549833142.3,"standard_error":87202.21761011376},"median":{"confidence_interval":{"confidence_level":0.95,"lower_bound":549609419.0,"upper_bound":549933000.0},"point_estimate":549841281.5,"standard_error":88075.82840622844},"median_abs_dev":{"confidence_interval":{"confidence_level":0.95,"lower_bound":46385.36407649517,"upper_bound":446231.457477808},"point_estimate":171378.17875742912,"standard_error":100236.01498223543},"slope":null,"std_dev":{"confidence_interval":{"confidence_level":0.95,"lower_bound":123478.22650095935,"upper_bound":409286.5146517842},"point_estimate":290743.88052642945,"standard_error":84915.4344557939}}