{"mean":{"confidence_interval":{"confidence_level":0.95,"lower_bound":341806682.96999997,"upper_bound":1748939722.3},"point_estimate":1044936843.7,"standard_error":360827408.0321174},"median":{"confidence_interval":{"confidence_level":0.95,"lower_bound":107163256.0,"upper_bound":2450174274.0},"point_estimate":118727717.0,"standard_error":888084765.4226971},"median_abs_dev":{"confidence_interval":{"confidence_level":0.95,"lower_bound":697684.8608136177,"upper_bound":1736715815.2211308},"point_estimate":32396622.644644976,"standard_error":684677685.3404421},"slope":null,"std_dev":{"confidence_interval":{"confidence_level":0.95,"lower_bound":740865405.4871492,"upper_bound":1238446996.951132},"point_estimate":1210048110.449175,"standard_error":145333769.36833972}}