{"mean":{"confidence_interval":{"confidence_level":0.95,"lower_bound":41100768.316,"upper_bound":41111363.045},"point_estimate":41106041.03,"standard_error":2717.448738803364},"median":{"confidence_interval":{"confidence_level":0.95,"lower_bound":41099486.5,"upper_bound":41113068.75},"point_estimate":41104869.25,"standard_error":3441.283569445465},"median_abs_dev":{"confidence_interval":{"confidence_level":0.95,"lower_bound":19419.465105235577,"upper_bound":31874.80601660907},"point_estimate":23370.594035089016,"standard_error":3195.942451730272},"slope":null,"std_dev":{"confidence_interval":{"confidence_level":0.95,"lower_bound":23453.492936910097,"upper_bound":30850.79078323577},"point_estimate":27346.75360664083,"standard_error":1886.1607885594078}}