{"mean":{"confidence_interval":{"confidence_level":0.95,"lower_bound":43876983.90593916,"upper_bound":43896035.954610124},"point_estimate":43885613.5353836,"standard_error":4863.279536905118},"median":{"confidence_interval":{"confidence_level":0.95,"lower_bound":43875986.36666667,"upper_bound":43892086.458333336},"point_estimate":43883110.34126984,"standard_error":3781.267409030594},"median_abs_dev":{"confidence_interval":{"confidence_level":0.95,"lower_bound":1998.187842305716,"upper_bound":24351.210367675914},"point_estimate":10484.841996357582,"standard_error":5832.671760791736},"slope":{"confidence_interval":{"confidence_level":0.95,"lower_bound":43879039.603959285,"upper_bound":43888002.258064516},"point_estimate":43883463.96017316,"standard_error":2260.882315437037},"std_dev":{"confidence_interval":{"confidence_level":0.95,"lower_bound":6274.14376877262,"upper_bound":22874.10628254807},"point_estimate":16291.949860876994,"standard_error":4598.774330512696}}