{"mean":{"confidence_interval":{"confidence_level":0.95,"lower_bound":5930279.586666666,"upper_bound":5931310.379999999},"point_estimate":5930804.064444445,"standard_error":266.55083578704364},"median":{"confidence_interval":{"confidence_level":0.95,"lower_bound":5930162.333333333,"upper_bound":5931302.777777778},"point_estimate":5930771.055555556,"standard_error":317.65460596467597},"median_abs_dev":{"confidence_interval":{"confidence_level":0.95,"lower_bound":2000.356831152927,"upper_bound":3217.5714095430485},"point_estimate":2552.6253213482014,"standard_error":312.7266421688223},"slope":null,"std_dev":{"confidence_interval":{"confidence_level":0.95,"lower_bound":2247.9735618562604,"upper_bound":3045.0665935076327},"point_estimate":2666.4497010585383,"standard_error":205.12861569871242}}