{"mean":{"confidence_interval":{"confidence_level":0.95,"lower_bound":1031197301.8,"upper_bound":1036417300.6},"point_estimate":1033702330.0,"standard_error":1325663.8765183063},"median":{"confidence_interval":{"confidence_level":0.95,"lower_bound":1029212899.0,"upper_bound":1038349406.5},"point_estimate":1032999844.0,"standard_error":3024309.1160715586},"median_abs_dev":{"confidence_interval":{"confidence_level":0.95,"lower_bound":330409.26493406296,"upper_bound":6960181.219232082},"point_estimate":5924831.249213219,"standard_error":1965542.0230437508},"slope":null,"std_dev":{"confidence_interval":{"confidence_level":0.95,"lower_bound":3051655.1183847925,"upper_bound":4898299.380982097},"point_estimate":4479241.170858222,"standard_error":462088.45598242455}}