{"mean":{"confidence_interval":{"confidence_level":0.95,"lower_bound":1720000781.6,"upper_bound":4273985972.7},"point_estimate":2999053603.1,"standard_error":657220866.7895555},"median":{"confidence_interval":{"confidence_level":0.95,"lower_bound":453762351.0,"upper_bound":4712568291.5},"point_estimate":4640360331.0,"standard_error":1595735866.753331},"median_abs_dev":{"confidence_interval":{"confidence_level":0.95,"lower_bound":19821961.34608984,"upper_bound":3172088789.1418667},"point_estimate":159437779.65801358,"standard_error":1222909009.9590786},"slope":null,"std_dev":{"confidence_interval":{"confidence_level":0.95,"lower_bound":1343817621.7054067,"upper_bound":2251838749.9669275},"point_estimate":2192216051.013904,"standard_error":261154533.2287355}}