{"mean":{"confidence_interval":{"confidence_level":0.95,"lower_bound":634961395.305,"upper_bound":724809983.4774998},"point_estimate":681720786.1,"standard_error":23032093.541189518},"median":{"confidence_interval":{"confidence_level":0.95,"lower_bound":630108642.0,"upper_bound":739030543.0},"point_estimate":689831195.5,"standard_error":25763674.873144332},"median_abs_dev":{"confidence_interval":{"confidence_level":0.95,"lower_bound":9425716.806060076,"upper_bound":129599404.02435064},"point_estimate":73203624.25977588,"standard_error":30457068.388530288},"slope":null,"std_dev":{"confidence_interval":{"confidence_level":0.95,"lower_bound":39199648.28239421,"upper_bound":100230854.20697328},"point_estimate":77205714.95701909,"standard_error":15799786.87649943}}