{"mean":{"confidence_interval":{"confidence_level":0.95,"lower_bound":16918572896.5625,"upper_bound":16940953549.2},"point_estimate":16930508594.5,"standard_error":5761973.921242337},"median":{"confidence_interval":{"confidence_level":0.95,"lower_bound":16914758088.0,"upper_bound":16940887098.0},"point_estimate":16934909067.0,"standard_error":5927974.325388637},"median_abs_dev":{"confidence_interval":{"confidence_level":0.95,"lower_bound":826260.378330946,"upper_bound":28520655.603057146},"point_estimate":8626636.191746593,"standard_error":7734387.983074974},"slope":null,"std_dev":{"confidence_interval":{"confidence_level":0.95,"lower_bound":5485758.130385485,"upper_bound":24763355.450589392},"point_estimate":19208155.557342384,"standard_error":4553068.275665969}}