{"mean":{"confidence_interval":{"confidence_level":0.95,"lower_bound":746410141.1,"upper_bound":746714512.7},"point_estimate":746563339.1,"standard_error":77439.52937013152},"median":{"confidence_interval":{"confidence_level":0.95,"lower_bound":746369508.0,"upper_bound":746803855.0},"point_estimate":746564161.0,"standard_error":112458.96174179361},"median_abs_dev":{"confidence_interval":{"confidence_level":0.95,"lower_bound":55520.403814315796,"upper_bound":433980.7338953018},"point_estimate":290354.60274517536,"standard_error":96672.34480597536},"slope":null,"std_dev":{"confidence_interval":{"confidence_level":0.95,"lower_bound":150293.32761387603,"upper_bound":324716.6144682673},"point_estimate":257326.966861855,"standard_error":45385.504392440685}}