{"mean":{"confidence_interval":{"confidence_level":0.95,"lower_bound":183843.76573747591,"upper_bound":184012.47781905482},"point_estimate":183931.33137081878,"standard_error":42.982513370388524},"median":{"confidence_interval":{"confidence_level":0.95,"lower_bound":183828.99751464307,"upper_bound":184006.56881022203},"point_estimate":183919.84042145594,"standard_error":47.79797567985594},"median_abs_dev":{"confidence_interval":{"confidence_level":0.95,"lower_bound":253.2604250719599,"upper_bound":446.90732711285557},"point_estimate":339.5174219395163,"standard_error":48.361719546501874},"slope":{"confidence_interval":{"confidence_level":0.95,"lower_bound":183892.24187320817,"upper_bound":184034.7634141733},"point_estimate":183961.29008866558,"standard_error":36.49865012777352},"std_dev":{"confidence_interval":{"confidence_level":0.95,"lower_bound":318.38027665292697,"upper_bound":569.7593908878673},"point_estimate":433.01061694357577,"standard_error":68.78399533627828}}