{"mean":{"confidence_interval":{"confidence_level":0.95,"lower_bound":749465952.4,"upper_bound":750107654.7},"point_estimate":749815086.8,"standard_error":162975.48868457813},"median":{"confidence_interval":{"confidence_level":0.95,"lower_bound":749454138.0,"upper_bound":750247254.0},"point_estimate":749989548.5,"standard_error":206036.69601381023},"median_abs_dev":{"confidence_interval":{"confidence_level":0.95,"lower_bound":64840.027248859406,"upper_bound":900451.9049137831},"point_estimate":446930.50336539745,"standard_error":196285.0327824502},"slope":null,"std_dev":{"confidence_interval":{"confidence_level":0.95,"lower_bound":253531.34096296976,"upper_bound":728805.1365474557},"point_estimate":541700.1432114347,"standard_error":135182.4093275807}}