{"mean":{"confidence_interval":{"confidence_level":0.95,"lower_bound":5849989.670500002,"upper_bound":5851015.750055558},"point_estimate":5850486.892222222,"standard_error":260.91870270185245},"median":{"confidence_interval":{"confidence_level":0.95,"lower_bound":5849213.222222222,"upper_bound":5850777.166666667},"point_estimate":5849733.277777778,"standard_error":367.72898683540046},"median_abs_dev":{"confidence_interval":{"confidence_level":0.95,"lower_bound":1483.5883736608112,"upper_bound":2638.204286495231},"point_estimate":2190.9532944357534,"standard_error":283.9974339788371},"slope":null,"std_dev":{"confidence_interval":{"confidence_level":0.95,"lower_bound":2064.5225196601746,"upper_bound":3162.341079516902},"point_estimate":2646.367701131326,"standard_error":279.94390007113685}}