{"mean":{"confidence_interval":{"confidence_level":0.95,"lower_bound":182386.8996039548,"upper_bound":186017.1502868402},"point_estimate":183950.10380660812,"standard_error":968.6602651120671},"median":{"confidence_interval":{"confidence_level":0.95,"lower_bound":181919.35585585586,"upper_bound":182104.49509803922},"point_estimate":182002.37021857925,"standard_error":46.871806306737874},"median_abs_dev":{"confidence_interval":{"confidence_level":0.95,"lower_bound":268.05442824108314,"upper_bound":465.85217303521915},"point_estimate":346.9151272731618,"standard_error":50.310862881680706},"slope":{"confidence_interval":{"confidence_level":0.95,"lower_bound":183208.6128861341,"upper_bound":193048.3435276171},"point_estimate":187636.13757696666,"standard_error":2598.7260740690926},"std_dev":{"confidence_interval":{"confidence_level":0.95,"lower_bound":4374.673661926514,"upper_bound":13786.37003438913},"point_estimate":9776.648490662055,"standard_error":2539.633966937081}}