{"mean":{"confidence_interval":{"confidence_level":0.95,"lower_bound":724728695.6,"upper_bound":724982892.7},"point_estimate":724854116.8,"standard_error":64240.315486592415},"median":{"confidence_interval":{"confidence_level":0.95,"lower_bound":724664651.0,"upper_bound":725022181.0},"point_estimate":724877345.0,"standard_error":102658.17415465071},"median_abs_dev":{"confidence_interval":{"confidence_level":0.95,"lower_bound":49317.20552444458,"upper_bound":358868.5127288103},"point_estimate":233476.13735496998,"standard_error":79916.4647567133},"slope":null,"std_dev":{"confidence_interval":{"confidence_level":0.95,"lower_bound":131612.91538653965,"upper_bound":265832.6972724052},"point_estimate":214700.9994396859,"standard_error":34372.906038635585}}