{"mean":{"confidence_interval":{"confidence_level":0.95,"lower_bound":4637034.7318181805,"upper_bound":4638071.860909089},"point_estimate":4637541.855454544,"standard_error":264.53940896718905},"median":{"confidence_interval":{"confidence_level":0.95,"lower_bound":4636787.909090909,"upper_bound":4637486.0},"point_estimate":4637179.2727272725,"standard_error":170.7105639036913},"median_abs_dev":{"confidence_interval":{"confidence_level":0.95,"lower_bound":1303.2727677713112,"upper_bound":2458.6898836224445},"point_estimate":1877.8476484802866,"standard_error":289.9791224351597},"slope":null,"std_dev":{"confidence_interval":{"confidence_level":0.95,"lower_bound":2048.574805572597,"upper_bound":3188.3592496260612},"point_estimate":2650.845473970745,"standard_error":293.7095627671875}}