{"mean":{"confidence_interval":{"confidence_level":0.95,"lower_bound":19175061729.4,"upper_bound":42378203788.74},"point_estimate":30860896462.6,"standard_error":5980671899.799166},"median":{"confidence_interval":{"confidence_level":0.95,"lower_bound":12439360407.0,"upper_bound":48884243192.0},"point_estimate":31736283893.5,"standard_error":14485590735.277271},"median_abs_dev":{"confidence_interval":{"confidence_level":0.95,"lower_bound":961377512.4081373,"upper_bound":28260990111.82563},"point_estimate":26043852951.76858,"standard_error":9350839932.79967},"slope":null,"std_dev":{"confidence_interval":{"confidence_level":0.95,"lower_bound":14324457485.022772,"upper_bound":21599053073.72355},"point_estimate":19920047882.61275,"standard_error":1920319308.6399393}}