{"mean":{"confidence_interval":{"confidence_level":0.95,"lower_bound":17016743415.6,"upper_bound":17039914882.6},"point_estimate":17027949229.6,"standard_error":5949783.375723068},"median":{"confidence_interval":{"confidence_level":0.95,"lower_bound":17012056128.0,"upper_bound":17045024430.0},"point_estimate":17022831964.5,"standard_error":8289363.596855789},"median_abs_dev":{"confidence_interval":{"confidence_level":0.95,"lower_bound":3948534.379899502,"upper_bound":31914650.149601698},"point_estimate":21660297.098752856,"standard_error":7622521.619781143},"slope":null,"std_dev":{"confidence_interval":{"confidence_level":0.95,"lower_bound":10859440.895960452,"upper_bound":24831402.347284105},"point_estimate":19716986.525331292,"standard_error":3601367.899438366}}