{"mean":{"confidence_interval":{"confidence_level":0.95,"lower_bound":1190202899.1825001,"upper_bound":2753686295.6},"point_estimate":2014134665.6,"standard_error":401478889.54622006},"median":{"confidence_interval":{"confidence_level":0.95,"lower_bound":130794012.0,"upper_bound":3104868021.0},"point_estimate":2455408661.5,"standard_error":664968113.3287911},"median_abs_dev":{"confidence_interval":{"confidence_level":0.95,"lower_bound":16491083.304324746,"upper_bound":1739739281.3474536},"point_estimate":1010836990.449956,"standard_error":482100468.99232876},"slope":null,"std_dev":{"confidence_interval":{"confidence_level":0.95,"lower_bound":377050050.0001707,"upper_bound":1532588400.1884274},"point_estimate":1339365357.7604222,"standard_error":234229565.71587673}}