{"mean":{"confidence_interval":{"confidence_level":0.95,"lower_bound":2427293.5238095243,"upper_bound":2427986.5485714297},"point_estimate":2427637.0100000002,"standard_error":177.94948732874786},"median":{"confidence_interval":{"confidence_level":0.95,"lower_bound":2426803.476190476,"upper_bound":2427785.3333333335},"point_estimate":2427345.9523809524,"standard_error":293.06240314780837},"median_abs_dev":{"confidence_interval":{"confidence_level":0.95,"lower_bound":1390.078675321712,"upper_bound":2488.5440558195114},"point_estimate":2034.5507638794543,"standard_error":309.24697245739964},"slope":null,"std_dev":{"confidence_interval":{"confidence_level":0.95,"lower_bound":1597.6537113064044,"upper_bound":1952.9801668171137},"point_estimate":1790.452490815397,"standard_error":90.17299122353546}}