{"mean":{"confidence_interval":{"confidence_level":0.95,"lower_bound":102043462.7,"upper_bound":819922711.3},"point_estimate":344824330.9,"standard_error":224280515.48785073},"median":{"confidence_interval":{"confidence_level":0.95,"lower_bound":99728818.5,"upper_bound":121121357.0},"point_estimate":110493968.5,"standard_error":57671006.26014898},"median_abs_dev":{"confidence_interval":{"confidence_level":0.95,"lower_bound":149635.10884344578,"upper_bound":31707798.542574048},"point_estimate":1407255.7256162167,"standard_error":70219952.57490413},"slope":null,"std_dev":{"confidence_interval":{"confidence_level":0.95,"lower_bound":6910416.575756991,"upper_bound":1144977149.7753315},"point_estimate":748455067.2021384,"standard_error":425009158.7731165}}