{"mean":{"confidence_interval":{"confidence_level":0.95,"lower_bound":108369585875.11499,"upper_bound":108458535659.52751},"point_estimate":108413868058.8,"standard_error":22820137.902756117},"median":{"confidence_interval":{"confidence_level":0.95,"lower_bound":108348096370.0,"upper_bound":108454623174.0},"point_estimate":108431488823.5,"standard_error":27781700.487752248},"median_abs_dev":{"confidence_interval":{"confidence_level":0.95,"lower_bound":11754807.976010442,"upper_bound":138117425.68332553},"point_estimate":58121411.97373867,"standard_error":33653211.90663906},"slope":null,"std_dev":{"confidence_interval":{"confidence_level":0.95,"lower_bound":38333197.756442614,"upper_bound":99605225.09344259},"point_estimate":76331887.03705025,"standard_error":15417925.52526228}}