{"mean":{"confidence_interval":{"confidence_level":0.95,"lower_bound":16980831296.1325,"upper_bound":17002506975.7},"point_estimate":16991711579.3,"standard_error":5595186.039910568},"median":{"confidence_interval":{"confidence_level":0.95,"lower_bound":16978959611.0,"upper_bound":17008280605.5},"point_estimate":16991831302.5,"standard_error":8457892.673013352},"median_abs_dev":{"confidence_interval":{"confidence_level":0.95,"lower_bound":4517488.791498542,"upper_bound":32610005.845856667},"point_estimate":20900036.140850186,"standard_error":6870706.983894835},"slope":null,"std_dev":{"confidence_interval":{"confidence_level":0.95,"lower_bound":11022999.159260847,"upper_bound":23281535.984688267},"point_estimate":18749137.094971724,"standard_error":3159945.991627577}}