{"mean":{"confidence_interval":{"confidence_level":0.95,"lower_bound":565514804.7,"upper_bound":566710107.495},"point_estimate":566002370.4,"standard_error":317868.54337117163},"median":{"confidence_interval":{"confidence_level":0.95,"lower_bound":565400643.0,"upper_bound":566181377.0},"point_estimate":565621783.5,"standard_error":219976.31917839765},"median_abs_dev":{"confidence_interval":{"confidence_level":0.95,"lower_bound":30127.172765135765,"upper_bound":980832.5450867414},"point_estimate":333031.24298751354,"standard_error":254157.8576197323},"slope":null,"std_dev":{"confidence_interval":{"confidence_level":0.95,"lower_bound":221080.80351863307,"upper_bound":1568631.8881904436},"point_estimate":1059477.7392100317,"standard_error":403715.98251534114}}