{"mean":{"confidence_interval":{"confidence_level":0.95,"lower_bound":555298083.7,"upper_bound":555577051.3825},"point_estimate":555442241.8,"standard_error":71856.10846645405},"median":{"confidence_interval":{"confidence_level":0.95,"lower_bound":555238612.5,"upper_bound":555637498.0},"point_estimate":555475370.0,"standard_error":96288.52731456714},"median_abs_dev":{"confidence_interval":{"confidence_level":0.95,"lower_bound":60890.380918979645,"upper_bound":444804.45500314236},"point_estimate":227628.76305878162,"standard_error":98680.66178405094},"slope":null,"std_dev":{"confidence_interval":{"confidence_level":0.95,"lower_bound":124404.77688668793,"upper_bound":297408.7823034335},"point_estimate":239966.51146950576,"standard_error":44121.73562021168}}