{"mean":{"confidence_interval":{"confidence_level":0.95,"lower_bound":19244672.53466667,"upper_bound":19250415.16959167},"point_estimate":19247540.53327778,"standard_error":1467.458799336822},"median":{"confidence_interval":{"confidence_level":0.95,"lower_bound":19244625.95,"upper_bound":19250171.8},"point_estimate":19247724.07,"standard_error":1929.5884072836052},"median_abs_dev":{"confidence_interval":{"confidence_level":0.95,"lower_bound":189.7110216356382,"upper_bound":8496.6280708194},"point_estimate":3673.797485278272,"standard_error":2165.924215312563},"slope":{"confidence_interval":{"confidence_level":0.95,"lower_bound":19243942.07935983,"upper_bound":19253381.003990024},"point_estimate":19249009.112207793,"standard_error":2499.659465912982},"std_dev":{"confidence_interval":{"confidence_level":0.95,"lower_bound":2325.993315939041,"upper_bound":6527.015051106607},"point_estimate":4891.6275463249085,"standard_error":1121.006196512665}}