{"mean":{"confidence_interval":{"confidence_level":0.95,"lower_bound":2310310.101818182,"upper_bound":2310877.969545454},"point_estimate":2310592.503636363,"standard_error":146.32543804907584},"median":{"confidence_interval":{"confidence_level":0.95,"lower_bound":2310081.227272727,"upper_bound":2310809.5454545454},"point_estimate":2310324.4318181816,"standard_error":165.56644413470823},"median_abs_dev":{"confidence_interval":{"confidence_level":0.95,"lower_bound":1012.4978479337549,"upper_bound":1830.0674947823777},"point_estimate":1400.4841524093517,"standard_error":216.7092764417713},"slope":null,"std_dev":{"confidence_interval":{"confidence_level":0.95,"lower_bound":1280.4871847915542,"upper_bound":1657.210419861721},"point_estimate":1480.1964160168552,"standard_error":96.8392969045708}}