{"mean":{"confidence_interval":{"confidence_level":0.95,"lower_bound":46659682.065,"upper_bound":50668626.04851141},"point_estimate":48770732.78962302,"standard_error":1022866.5551663997},"median":{"confidence_interval":{"confidence_level":0.95,"lower_bound":47164375.70833333,"upper_bound":50747208.75},"point_estimate":49219986.79513889,"standard_error":783212.0137466592},"median_abs_dev":{"confidence_interval":{"confidence_level":0.95,"lower_bound":449838.8136866838,"upper_bound":5505335.543535755},"point_estimate":1745533.8051905797,"standard_error":1276587.8582276},"slope":{"confidence_interval":{"confidence_level":0.95,"lower_bound":46805247.06896552,"upper_bound":49940503.82254707},"point_estimate":48710089.8974026,"standard_error":800524.5517022061},"std_dev":{"confidence_interval":{"confidence_level":0.95,"lower_bound":1270973.0804687275,"upper_bound":4740289.191970765},"point_estimate":3397054.6564398413,"standard_error":900809.6832188137}}