{"mean":{"confidence_interval":{"confidence_level":0.95,"lower_bound":1825918.609618144,"upper_bound":1826507.509264692},"point_estimate":1826220.2033681755,"standard_error":149.69157798157775},"median":{"confidence_interval":{"confidence_level":0.95,"lower_bound":1826214.6976744186,"upper_bound":1826627.5},"point_estimate":1826461.575471698,"standard_error":110.31740290508588},"median_abs_dev":{"confidence_interval":{"confidence_level":0.95,"lower_bound":754.5687924624411,"upper_bound":1146.396029707451},"point_estimate":993.52825379895,"standard_error":101.74192852210467},"slope":{"confidence_interval":{"confidence_level":0.95,"lower_bound":1826288.406714304,"upper_bound":1826684.2874227178},"point_estimate":1826488.6083493424,"standard_error":100.71198138696792},"std_dev":{"confidence_interval":{"confidence_level":0.95,"lower_bound":1122.507779994186,"upper_bound":1867.2870214313791},"point_estimate":1510.734845165405,"standard_error":191.37725102095686}}