{"mean":{"confidence_interval":{"confidence_level":0.95,"lower_bound":553399927.4,"upper_bound":553549771.765},"point_estimate":553475735.1,"standard_error":38386.10076393944},"median":{"confidence_interval":{"confidence_level":0.95,"lower_bound":553398632.0,"upper_bound":553554712.0},"point_estimate":553450267.5,"standard_error":46453.00709858223},"median_abs_dev":{"confidence_interval":{"confidence_level":0.95,"lower_bound":14146.968948841095,"upper_bound":224120.93152105808},"point_estimate":122926.070317626,"standard_error":52773.53190381018},"slope":null,"std_dev":{"confidence_interval":{"confidence_level":0.95,"lower_bound":66550.89892113487,"upper_bound":167912.06882916094},"point_estimate":128214.60754050869,"standard_error":26035.33714314737}}