{"mean":{"confidence_interval":{"confidence_level":0.95,"lower_bound":973055.5937413361,"upper_bound":973712.592347532},"point_estimate":973367.8577524622,"standard_error":168.4398644252721},"median":{"confidence_interval":{"confidence_level":0.95,"lower_bound":972884.9747474748,"upper_bound":973429.511550152},"point_estimate":973148.4928861789,"standard_error":165.3343161143894},"median_abs_dev":{"confidence_interval":{"confidence_level":0.95,"lower_bound":812.4957415702902,"upper_bound":1377.49034190154},"point_estimate":1051.6965634838245,"standard_error":144.27155087781045},"slope":{"confidence_interval":{"confidence_level":0.95,"lower_bound":972889.2540994604,"upper_bound":973311.5758371714},"point_estimate":973098.3164755431,"standard_error":107.29537396002938},"std_dev":{"confidence_interval":{"confidence_level":0.95,"lower_bound":1056.7737763838784,"upper_bound":2335.6128747492808},"point_estimate":1694.0931462673625,"standard_error":341.80143763197145}}