{"mean":{"confidence_interval":{"confidence_level":0.95,"lower_bound":718927076.0,"upper_bound":719166909.79},"point_estimate":719057635.0,"standard_error":61535.44963746642},"median":{"confidence_interval":{"confidence_level":0.95,"lower_bound":718892442.5,"upper_bound":719206955.0},"point_estimate":719117720.0,"standard_error":66706.48963031833},"median_abs_dev":{"confidence_interval":{"confidence_level":0.95,"lower_bound":32144.991329312325,"upper_bound":312260.0173562765},"point_estimate":113400.36548674107,"standard_error":66729.98025044339},"slope":null,"std_dev":{"confidence_interval":{"confidence_level":0.95,"lower_bound":69269.1603789963,"upper_bound":260336.080724406},"point_estimate":205564.57849542075,"standard_error":49418.33709951276}}