{"mean":{"confidence_interval":{"confidence_level":0.95,"lower_bound":42902157.834875,"upper_bound":42913977.77},"point_estimate":42907950.885,"standard_error":3010.0169305922595},"median":{"confidence_interval":{"confidence_level":0.95,"lower_bound":42899823.5,"upper_bound":42913693.5},"point_estimate":42906685.0,"standard_error":3540.8213215832143},"median_abs_dev":{"confidence_interval":{"confidence_level":0.95,"lower_bound":19239.699858427048,"upper_bound":33671.69865220785},"point_estimate":24969.207456707954,"standard_error":3648.6717453042047},"slope":null,"std_dev":{"confidence_interval":{"confidence_level":0.95,"lower_bound":24101.03542468102,"upper_bound":36378.8502436247},"point_estimate":30321.013220478613,"standard_error":3158.8527124336492}}