{"mean":{"confidence_interval":{"confidence_level":0.95,"lower_bound":49772263.6427381,"upper_bound":53164377.072500005},"point_estimate":51451976.543452375,"standard_error":861797.5522833376},"median":{"confidence_interval":{"confidence_level":0.95,"lower_bound":49197898.45833333,"upper_bound":53419873.0},"point_estimate":51624728.6875,"standard_error":1242588.5328986747},"median_abs_dev":{"confidence_interval":{"confidence_level":0.95,"lower_bound":694499.7912901684,"upper_bound":4992015.5212140065},"point_estimate":3201556.3925735126,"standard_error":1052100.357293195},"slope":{"confidence_interval":{"confidence_level":0.95,"lower_bound":50617949.09903382,"upper_bound":53806215.32058744},"point_estimate":52493548.01298701,"standard_error":815150.071094099},"std_dev":{"confidence_interval":{"confidence_level":0.95,"lower_bound":1642260.9137666505,"upper_bound":3636633.3530100263},"point_estimate":2861397.861567935,"standard_error":517463.7931109021}}