{"mean":{"confidence_interval":{"confidence_level":0.95,"lower_bound":582551764.2,"upper_bound":2045011822.0},"point_estimate":1313502039.6,"standard_error":387175498.9108532},"median":{"confidence_interval":{"confidence_level":0.95,"lower_bound":91277186.0,"upper_bound":2527615577.0},"point_estimate":1310274408.0,"standard_error":1044371874.3098946},"median_abs_dev":{"confidence_interval":{"confidence_level":0.95,"lower_bound":1695156.625404954,"upper_bound":1813552712.3198032},"point_estimate":1802570348.5669792,"standard_error":763306030.7722422},"slope":null,"std_dev":{"confidence_interval":{"confidence_level":0.95,"lower_bound":1016414635.8520308,"upper_bound":1286451698.0215752},"point_estimate":1280431841.526279,"standard_error":112081565.04830873}}