{"mean":{"confidence_interval":{"confidence_level":0.95,"lower_bound":5119077.2578,"upper_bound":5120271.455650002},"point_estimate":5119671.057,"standard_error":303.2349878490491},"median":{"confidence_interval":{"confidence_level":0.95,"lower_bound":5118549.6,"upper_bound":5120568.2},"point_estimate":5119696.4,"standard_error":561.1758015727308},"median_abs_dev":{"confidence_interval":{"confidence_level":0.95,"lower_bound":2468.5289561748505,"upper_bound":3771.0671630492084},"point_estimate":3204.9363631005913,"standard_error":332.45025475549227},"slope":null,"std_dev":{"confidence_interval":{"confidence_level":0.95,"lower_bound":2595.4764187604596,"upper_bound":3519.0706077541545},"point_estimate":3059.7751393995695,"standard_error":236.1739807060583}}