{"mean":{"confidence_interval":{"confidence_level":0.95,"lower_bound":5881361.770000001,"upper_bound":5882520.42686111},"point_estimate":5881933.202222224,"standard_error":297.3777611319338},"median":{"confidence_interval":{"confidence_level":0.95,"lower_bound":5880808.444444444,"upper_bound":5882493.388888889},"point_estimate":5881489.944444444,"standard_error":454.0763031006548},"median_abs_dev":{"confidence_interval":{"confidence_level":0.95,"lower_bound":2111.387095849256,"upper_bound":3443.997372189544},"point_estimate":2925.8286813895675,"standard_error":346.3059915070401},"slope":null,"std_dev":{"confidence_interval":{"confidence_level":0.95,"lower_bound":2466.7052439777794,"upper_bound":3508.3414068651},"point_estimate":2996.9470113844195,"standard_error":267.5991677359342}}