{"mean":{"confidence_interval":{"confidence_level":0.95,"lower_bound":1204880.10822473,"upper_bound":1207272.4596172678},"point_estimate":1206052.3444339912,"standard_error":610.8256372913578},"median":{"confidence_interval":{"confidence_level":0.95,"lower_bound":1204262.6672872342,"upper_bound":1206469.2021276595},"point_estimate":1205016.6312158885,"standard_error":538.5855363767537},"median_abs_dev":{"confidence_interval":{"confidence_level":0.95,"lower_bound":2919.4092599759606,"upper_bound":5022.194454331598},"point_estimate":3698.311423266885,"standard_error":519.702049393627},"slope":{"confidence_interval":{"confidence_level":0.95,"lower_bound":1204546.2343691569,"upper_bound":1205943.8550012659},"point_estimate":1205254.8134062362,"standard_error":351.17809728769794},"std_dev":{"confidence_interval":{"confidence_level":0.95,"lower_bound":4566.202624023189,"upper_bound":7614.837122696909},"point_estimate":6148.972425133901,"standard_error":788.30257773233}}