{"mean":{"confidence_interval":{"confidence_level":0.95,"lower_bound":2631788654.2,"upper_bound":4816928874.985},"point_estimate":3937616692.3,"standard_error":551803529.5238932},"median":{"confidence_interval":{"confidence_level":0.95,"lower_bound":2619994283.5,"upper_bound":4823823553.0},"point_estimate":4794523303.5,"standard_error":490792747.644095},"median_abs_dev":{"confidence_interval":{"confidence_level":0.95,"lower_bound":2876386.2785339355,"upper_bound":3207287138.778171},"point_estimate":18629062.88986802,"standard_error":522828312.21538615},"slope":null,"std_dev":{"confidence_interval":{"confidence_level":0.95,"lower_bound":25848852.540668324,"upper_bound":2289385923.877336},"point_estimate":1839788845.6096597,"standard_error":628435016.2712362}}