{"mean":{"confidence_interval":{"confidence_level":0.95,"lower_bound":19867762.236222222,"upper_bound":19877913.03333333},"point_estimate":19872677.44201587,"standard_error":2606.2117426035343},"median":{"confidence_interval":{"confidence_level":0.95,"lower_bound":19865917.911111113,"upper_bound":19881696.183333334},"point_estimate":19869691.14285714,"standard_error":4930.291686979593},"median_abs_dev":{"confidence_interval":{"confidence_level":0.95,"lower_bound":594.1717074518222,"upper_bound":13905.176661134798},"point_estimate":9225.28983421745,"standard_error":3875.4629435644115},"slope":{"confidence_interval":{"confidence_level":0.95,"lower_bound":19867101.110392414,"upper_bound":19880406.80596475},"point_estimate":19872407.314285714,"standard_error":3448.614771953289},"std_dev":{"confidence_interval":{"confidence_level":0.95,"lower_bound":5435.947369367501,"upper_bound":10269.141822582427},"point_estimate":8704.123843171485,"standard_error":1229.0074680369542}}