{"mean":{"confidence_interval":{"confidence_level":0.95,"lower_bound":1039379234.1,"upper_bound":1039619044.0},"point_estimate":1039502258.0,"standard_error":61456.26260602933},"median":{"confidence_interval":{"confidence_level":0.95,"lower_bound":1039343073.0,"upper_bound":1039718622.0},"point_estimate":1039497062.0,"standard_error":112107.48151479795},"median_abs_dev":{"confidence_interval":{"confidence_level":0.95,"lower_bound":21185.612323880196,"upper_bound":369576.5910387039},"point_estimate":248961.89408004284,"standard_error":88600.79426178466},"slope":null,"std_dev":{"confidence_interval":{"confidence_level":0.95,"lower_bound":130942.57746667253,"upper_bound":250899.31321647734},"point_estimate":205971.15585440598,"standard_error":31359.591199063056}}