{"mean":{"confidence_interval":{"confidence_level":0.95,"lower_bound":28544387288.5,"upper_bound":28595559704.5},"point_estimate":28569668485.2,"standard_error":13087092.443491595},"median":{"confidence_interval":{"confidence_level":0.95,"lower_bound":28530836865.0,"upper_bound":28612360218.5},"point_estimate":28565538574.0,"standard_error":26795317.367023878},"median_abs_dev":{"confidence_interval":{"confidence_level":0.95,"lower_bound":6007115.54775238,"upper_bound":67492488.29906881},"point_estimate":55607170.01257539,"standard_error":16756007.672640465},"slope":null,"std_dev":{"confidence_interval":{"confidence_level":0.95,"lower_bound":29067870.10213137,"upper_bound":48583779.13455753},"point_estimate":42789952.03268617,"standard_error":5044105.3884593025}}