{"mean":{"confidence_interval":{"confidence_level":0.95,"lower_bound":2402537422.58,"upper_bound":2404238027.3},"point_estimate":2403221496.5,"standard_error":456447.455610079},"median":{"confidence_interval":{"confidence_level":0.95,"lower_bound":2402502492.0,"upper_bound":2403393324.0},"point_estimate":2402800607.0,"standard_error":233972.58239718372},"median_abs_dev":{"confidence_interval":{"confidence_level":0.95,"lower_bound":141524.54568743706,"upper_bound":1266383.5239171982},"point_estimate":481859.81744527817,"standard_error":296719.6961096471},"slope":null,"std_dev":{"confidence_interval":{"confidence_level":0.95,"lower_bound":289196.8626436512,"upper_bound":2304592.0331160785},"point_estimate":1527873.1039543718,"standard_error":641083.8722212047}}