{"mean":{"confidence_interval":{"confidence_level":0.95,"lower_bound":1020278868.2,"upper_bound":1020744940.1},"point_estimate":1020513734.6,"standard_error":119495.05494724767},"median":{"confidence_interval":{"confidence_level":0.95,"lower_bound":1020091305.0,"upper_bound":1020776928.0},"point_estimate":1020624111.5,"standard_error":186321.88673864305},"median_abs_dev":{"confidence_interval":{"confidence_level":0.95,"lower_bound":66742.20301508904,"upper_bound":676985.5412811041},"point_estimate":351101.1714667082,"standard_error":167496.1071372364},"slope":null,"std_dev":{"confidence_interval":{"confidence_level":0.95,"lower_bound":231058.27341372854,"upper_bound":491703.301281587},"point_estimate":400309.8954038817,"standard_error":64735.43443358832}}