{"mean":{"confidence_interval":{"confidence_level":0.95,"lower_bound":41936036.995,"upper_bound":41948239.396000005},"point_estimate":41941999.835,"standard_error":3095.1701149898545},"median":{"confidence_interval":{"confidence_level":0.95,"lower_bound":41933436.25,"upper_bound":41945633.25},"point_estimate":41939558.0,"standard_error":3426.686087257963},"median_abs_dev":{"confidence_interval":{"confidence_level":0.95,"lower_bound":17658.877636492252,"upper_bound":32728.02376896143},"point_estimate":25139.335803687572,"standard_error":3897.7154536823555},"slope":null,"std_dev":{"confidence_interval":{"confidence_level":0.95,"lower_bound":24588.86273944142,"upper_bound":38403.42776202707},"point_estimate":31342.702045055503,"standard_error":3572.8603893925197}}