{"mean":{"confidence_interval":{"confidence_level":0.95,"lower_bound":1122227659.4,"upper_bound":1969482415.9},"point_estimate":1561142856.0,"standard_error":210373905.99176732},"median":{"confidence_interval":{"confidence_level":0.95,"lower_bound":612362881.0,"upper_bound":2039771699.5},"point_estimate":1953013590.5,"standard_error":347095781.6035907},"median_abs_dev":{"confidence_interval":{"confidence_level":0.95,"lower_bound":35971667.11087525,"upper_bound":1104735043.1449323},"point_estimate":144619517.61049032,"standard_error":293322580.0340963},"slope":null,"std_dev":{"confidence_interval":{"confidence_level":0.95,"lower_bound":80329840.75718047,"upper_bound":784669266.6003336},"point_estimate":703340805.7930958,"standard_error":137137944.9026064}}