{"mean":{"confidence_interval":{"confidence_level":0.95,"lower_bound":608633178.7,"upper_bound":1355807600.75},"point_estimate":967674181.0,"standard_error":190722040.4135377},"median":{"confidence_interval":{"confidence_level":0.95,"lower_bound":391289552.0,"upper_bound":1572497198.25},"point_estimate":862252999.5,"standard_error":326638976.1467297},"median_abs_dev":{"confidence_interval":{"confidence_level":0.95,"lower_bound":50978558.49979967,"upper_bound":1148127368.4943647},"point_estimate":628726969.217965,"standard_error":348636213.2661026},"slope":null,"std_dev":{"confidence_interval":{"confidence_level":0.95,"lower_bound":345161527.9991324,"upper_bound":768532884.9719704},"point_estimate":637172917.7533376,"standard_error":108846116.41568467}}