{"mean":{"confidence_interval":{"confidence_level":0.95,"lower_bound":61712609.29,"upper_bound":61740359.9635},"point_estimate":61726293.03,"standard_error":7077.395412880461},"median":{"confidence_interval":{"confidence_level":0.95,"lower_bound":61697954.0,"upper_bound":61737879.0},"point_estimate":61714568.5,"standard_error":10638.466362973804},"median_abs_dev":{"confidence_interval":{"confidence_level":0.95,"lower_bound":59768.79403889179,"upper_bound":92168.05126369},"point_estimate":76512.53684163094,"standard_error":8198.284984003547},"slope":null,"std_dev":{"confidence_interval":{"confidence_level":0.95,"lower_bound":61876.38335798027,"upper_bound":78934.18800255035},"point_estimate":71065.17808257558,"standard_error":4332.913332801371}}