{"mean":{"confidence_interval":{"confidence_level":0.95,"lower_bound":547331268.5075,"upper_bound":548039889.3},"point_estimate":547621802.6,"standard_error":186378.74190358107},"median":{"confidence_interval":{"confidence_level":0.95,"lower_bound":547327935.0,"upper_bound":547754963.5},"point_estimate":547423540.5,"standard_error":117853.96943957526},"median_abs_dev":{"confidence_interval":{"confidence_level":0.95,"lower_bound":24922.50555753708,"upper_bound":631944.1540807486},"point_estimate":263054.0068298578,"standard_error":154749.73552094388},"slope":null,"std_dev":{"confidence_interval":{"confidence_level":0.95,"lower_bound":149900.47604353414,"upper_bound":915597.9105240466},"point_estimate":616654.7151917892,"standard_error":237664.21536913278}}