{"mean":{"confidence_interval":{"confidence_level":0.95,"lower_bound":30875238619.4675,"upper_bound":45782956675.1},"point_estimate":39025786930.1,"standard_error":3873819901.2911854},"median":{"confidence_interval":{"confidence_level":0.95,"lower_bound":30366187035.0,"upper_bound":46596226303.0},"point_estimate":41829232549.0,"standard_error":3191750602.6184545},"median_abs_dev":{"confidence_interval":{"confidence_level":0.95,"lower_bound":284457158.08267593,"upper_bound":18035317849.979103},"point_estimate":4938333109.930462,"standard_error":4683526048.248826},"slope":null,"std_dev":{"confidence_interval":{"confidence_level":0.95,"lower_bound":3803226564.209103,"upper_bound":16619387869.62811},"point_estimate":12844591877.230453,"standard_error":3371927680.920073}}