{"mean":{"confidence_interval":{"confidence_level":0.95,"lower_bound":217904.73522172024,"upper_bound":218303.72031387422},"point_estimate":218090.0974441297,"standard_error":103.13177236725863},"median":{"confidence_interval":{"confidence_level":0.95,"lower_bound":217898.42222222223,"upper_bound":218189.38742884248},"point_estimate":218048.96233766235,"standard_error":65.86104190321028},"median_abs_dev":{"confidence_interval":{"confidence_level":0.95,"lower_bound":421.4602447516728,"upper_bound":724.6198650177703},"point_estimate":554.6988951521365,"standard_error":75.51704310128643},"slope":{"confidence_interval":{"confidence_level":0.95,"lower_bound":218011.12680666204,"upper_bound":218226.43287671232},"point_estimate":218114.62008807447,"standard_error":55.042110894629275},"std_dev":{"confidence_interval":{"confidence_level":0.95,"lower_bound":611.7345912381886,"upper_bound":1511.6346082318807},"point_estimate":1038.0764448583016,"standard_error":259.76134805002175}}