{"mean":{"confidence_interval":{"confidence_level":0.95,"lower_bound":14408816344.7,"upper_bound":27263566540.4},"point_estimate":19843529164.8,"standard_error":3359911867.2028203},"median":{"confidence_interval":{"confidence_level":0.95,"lower_bound":12561718594.0,"upper_bound":22178669292.5},"point_estimate":17656756511.0,"standard_error":2285990739.3141365},"median_abs_dev":{"confidence_interval":{"confidence_level":0.95,"lower_bound":300276425.6718278,"upper_bound":12439994167.669756},"point_estimate":6478458760.226565,"standard_error":3071069148.0573015},"slope":null,"std_dev":{"confidence_interval":{"confidence_level":0.95,"lower_bound":3225242996.6692667,"upper_bound":16499748215.92326},"point_estimate":11263399265.88009,"standard_error":4053201740.765851}}