{"mean":{"confidence_interval":{"confidence_level":0.95,"lower_bound":1271506427.2,"upper_bound":2432757754.7},"point_estimate":1966406852.9,"standard_error":292342004.22076577},"median":{"confidence_interval":{"confidence_level":0.95,"lower_bound":1265539474.0,"upper_bound":2436095657.0},"point_estimate":2432848390.0,"standard_error":252382166.42482144},"median_abs_dev":{"confidence_interval":{"confidence_level":0.95,"lower_bound":522573.4953224659,"upper_bound":1706891510.202518},"point_estimate":5583673.875769973,"standard_error":274342876.2352686},"slope":null,"std_dev":{"confidence_interval":{"confidence_level":0.95,"lower_bound":6334331.893222511,"upper_bound":1219525885.274545},"point_estimate":978444038.859803,"standard_error":338974722.9771286}}