{"mean":{"confidence_interval":{"confidence_level":0.95,"lower_bound":39563165.065,"upper_bound":39578161.765},"point_estimate":39570505.81,"standard_error":3825.4381526224456},"median":{"confidence_interval":{"confidence_level":0.95,"lower_bound":39558283.5,"upper_bound":39571921.75},"point_estimate":39567755.25,"standard_error":3788.6332346175063},"median_abs_dev":{"confidence_interval":{"confidence_level":0.95,"lower_bound":24789.442209899426,"upper_bound":42521.79194133718},"point_estimate":35312.19552308321,"standard_error":4372.0089507039265},"slope":null,"std_dev":{"confidence_interval":{"confidence_level":0.95,"lower_bound":31768.33885514083,"upper_bound":44337.0954805956},"point_estimate":38429.65156520588,"standard_error":3220.551774140802}}