{"mean":{"confidence_interval":{"confidence_level":0.95,"lower_bound":490407770.8,"upper_bound":491545327.3},"point_estimate":490974934.45,"standard_error":291846.7850101554},"median":{"confidence_interval":{"confidence_level":0.95,"lower_bound":489987762.5,"upper_bound":491941909.5},"point_estimate":490931116.5,"standard_error":677779.6398008597},"median_abs_dev":{"confidence_interval":{"confidence_level":0.95,"lower_bound":69498.72701615095,"upper_bound":1482611.0931783915},"point_estimate":1401861.6562619805,"standard_error":438434.199620611},"slope":null,"std_dev":{"confidence_interval":{"confidence_level":0.95,"lower_bound":674461.5847542705,"upper_bound":1045684.0092681983},"point_estimate":968678.1000826003,"standard_error":93865.90664327909}}