{"mean":{"confidence_interval":{"confidence_level":0.95,"lower_bound":42713431.0855,"upper_bound":42725502.89},"point_estimate":42719389.115,"standard_error":3099.0336966137797},"median":{"confidence_interval":{"confidence_level":0.95,"lower_bound":42708160.5,"upper_bound":42728334.0},"point_estimate":42720653.75,"standard_error":5799.12488767547},"median_abs_dev":{"confidence_interval":{"confidence_level":0.95,"lower_bound":25775.000542402267,"upper_bound":37285.90673804283},"point_estimate":32615.346170961857,"standard_error":2960.028727888604},"slope":null,"std_dev":{"confidence_interval":{"confidence_level":0.95,"lower_bound":26251.210299190458,"upper_bound":35999.02446752687},"point_estimate":31205.10530571371,"standard_error":2488.6325973677485}}