{"mean":{"confidence_interval":{"confidence_level":0.95,"lower_bound":638349938.9,"upper_bound":863624716.3},"point_estimate":751796127.5,"standard_error":57518953.55887602},"median":{"confidence_interval":{"confidence_level":0.95,"lower_bound":585257943.0,"upper_bound":917574366.5},"point_estimate":780941638.0,"standard_error":84559485.86716975},"median_abs_dev":{"confidence_interval":{"confidence_level":0.95,"lower_bound":18649697.71630168,"upper_bound":319007260.895589},"point_estimate":220576290.73248804,"standard_error":74502197.6438726},"slope":null,"std_dev":{"confidence_interval":{"confidence_level":0.95,"lower_bound":110510515.65933546,"upper_bound":238792029.72504446},"point_estimate":191313316.07019585,"standard_error":33178345.862181325}}