{"mean":{"confidence_interval":{"confidence_level":0.95,"lower_bound":24769277528.1,"upper_bound":41898428688.8},"point_estimate":33668839102.3,"standard_error":4410768084.410225},"median":{"confidence_interval":{"confidence_level":0.95,"lower_bound":18651775980.0,"upper_bound":44729444998.5},"point_estimate":41092783605.0,"standard_error":8147557705.988943},"median_abs_dev":{"confidence_interval":{"confidence_level":0.95,"lower_bound":1460633145.328778,"upper_bound":22799919894.993908},"point_estimate":10735985567.185656,"standard_error":6121344832.773551},"slope":null,"std_dev":{"confidence_interval":{"confidence_level":0.95,"lower_bound":8641873828.605295,"upper_bound":17104155851.004152},"point_estimate":14705417277.192078,"standard_error":2117385040.3148744}}