{"mean":{"confidence_interval":{"confidence_level":0.95,"lower_bound":42076304.7485,"upper_bound":42088504.925},"point_estimate":42082399.8,"standard_error":3099.910817350139},"median":{"confidence_interval":{"confidence_level":0.95,"lower_bound":42071259.25,"upper_bound":42087899.5},"point_estimate":42080115.75,"standard_error":4370.010720280681},"median_abs_dev":{"confidence_interval":{"confidence_level":0.95,"lower_bound":25567.436546087265,"upper_bound":38670.65511345863},"point_estimate":33269.543409347534,"standard_error":3367.8406574095698},"slope":null,"std_dev":{"confidence_interval":{"confidence_level":0.95,"lower_bound":26628.797123889253,"upper_bound":34885.896145277184},"point_estimate":30983.481513167106,"standard_error":2115.439401108589}}