{"mean":{"confidence_interval":{"confidence_level":0.95,"lower_bound":16886896058.695002,"upper_bound":16902908681.1},"point_estimate":16894919839.9,"standard_error":4098818.2674703044},"median":{"confidence_interval":{"confidence_level":0.95,"lower_bound":16882112981.0,"upper_bound":16906365039.0},"point_estimate":16896444355.5,"standard_error":6669339.8297492135},"median_abs_dev":{"confidence_interval":{"confidence_level":0.95,"lower_bound":4316245.118871331,"upper_bound":23265178.21176052},"point_estimate":16713912.89126873,"standard_error":4906143.418445404},"slope":null,"std_dev":{"confidence_interval":{"confidence_level":0.95,"lower_bound":8494521.238664266,"upper_bound":16376852.890272785},"point_estimate":13663143.314737145,"standard_error":2004604.0095359373}}