{"mean":{"confidence_interval":{"confidence_level":0.95,"lower_bound":351563271.1,"upper_bound":1796278209.4},"point_estimate":1072497586.0,"standard_error":373833469.8026516},"median":{"confidence_interval":{"confidence_level":0.95,"lower_bound":111061235.0,"upper_bound":2511899753.0},"point_estimate":122999012.0,"standard_error":910479070.3266159},"median_abs_dev":{"confidence_interval":{"confidence_level":0.95,"lower_bound":532862.7391397953,"upper_bound":1788728928.6467135},"point_estimate":32262952.913618088,"standard_error":695990268.3086691},"slope":null,"std_dev":{"confidence_interval":{"confidence_level":0.95,"lower_bound":759826382.04064,"upper_bound":1271813289.5201614},"point_estimate":1240269855.9970942,"standard_error":149283573.05946746}}