{"mean":{"confidence_interval":{"confidence_level":0.95,"lower_bound":27863478045.8,"upper_bound":27890684405.7},"point_estimate":27877213638.6,"standard_error":6937477.520150124},"median":{"confidence_interval":{"confidence_level":0.95,"lower_bound":27860568432.5,"upper_bound":27895478976.5},"point_estimate":27878021682.0,"standard_error":8787406.987231024},"median_abs_dev":{"confidence_interval":{"confidence_level":0.95,"lower_bound":2843729.790213704,"upper_bound":41037977.34763026},"point_estimate":24121426.398459077,"standard_error":9419066.731271395},"slope":null,"std_dev":{"confidence_interval":{"confidence_level":0.95,"lower_bound":13136074.446251199,"upper_bound":29583645.056598343},"point_estimate":23246457.79778071,"standard_error":4226737.1251069885}}