{"mean":{"confidence_interval":{"confidence_level":0.95,"lower_bound":64671186.98,"upper_bound":64699030.54},"point_estimate":64684177.3,"standard_error":7085.756095316976},"median":{"confidence_interval":{"confidence_level":0.95,"lower_bound":64659531.0,"upper_bound":64683192.0},"point_estimate":64672683.0,"standard_error":7283.664494988664},"median_abs_dev":{"confidence_interval":{"confidence_level":0.95,"lower_bound":37145.801040530205,"upper_bound":61967.48979985714},"point_estimate":51723.46528172493,"standard_error":6640.446636651509},"slope":null,"std_dev":{"confidence_interval":{"confidence_level":0.95,"lower_bound":45166.01269024927,"upper_bound":99902.89494545897},"point_estimate":71331.88123918514,"standard_error":15205.894727856577}}