{"mean":{"confidence_interval":{"confidence_level":0.95,"lower_bound":551511840.3,"upper_bound":551880239.1375},"point_estimate":551696913.5,"standard_error":94462.19923555672},"median":{"confidence_interval":{"confidence_level":0.95,"lower_bound":551490944.0,"upper_bound":551966973.5},"point_estimate":551699202.0,"standard_error":134692.2044350798},"median_abs_dev":{"confidence_interval":{"confidence_level":0.95,"lower_bound":43785.625022649765,"upper_bound":523887.0788991451},"point_estimate":274316.5775299072,"standard_error":138717.59119466454},"slope":null,"std_dev":{"confidence_interval":{"confidence_level":0.95,"lower_bound":169844.25599915886,"upper_bound":405396.93718934286},"point_estimate":315537.39696279354,"standard_error":59396.34331997942}}