{"mean":{"confidence_interval":{"confidence_level":0.95,"lower_bound":1103443.2069594075,"upper_bound":1149842.9334683903},"point_estimate":1125661.2687963443,"standard_error":11913.767399993676},"median":{"confidence_interval":{"confidence_level":0.95,"lower_bound":1057572.8635416667,"upper_bound":1066242.583802817},"point_estimate":1059996.6425495262,"standard_error":2436.74866395362},"median_abs_dev":{"confidence_interval":{"confidence_level":0.95,"lower_bound":14226.428445157893,"upper_bound":34065.441783395545},"point_estimate":20346.970730874375,"standard_error":5106.075205988064},"slope":{"confidence_interval":{"confidence_level":0.95,"lower_bound":1085920.033726661,"upper_bound":1124399.0710579138},"point_estimate":1102653.929877346,"standard_error":9821.91288218107},"std_dev":{"confidence_interval":{"confidence_level":0.95,"lower_bound":103718.62585240504,"upper_bound":129626.78048794558},"point_estimate":119032.7382295399,"standard_error":6706.383699007357}}