{"mean":{"confidence_interval":{"confidence_level":0.95,"lower_bound":42978371.53,"upper_bound":42993256.885},"point_estimate":42985742.84,"standard_error":3811.8900029945885},"median":{"confidence_interval":{"confidence_level":0.95,"lower_bound":42976724.5,"upper_bound":42997086.25},"point_estimate":42983421.0,"standard_error":4535.86239095598},"median_abs_dev":{"confidence_interval":{"confidence_level":0.95,"lower_bound":32296.21652662754,"upper_bound":49205.26922643185},"point_estimate":41282.99626708031,"standard_error":4190.115701216636},"slope":null,"std_dev":{"confidence_interval":{"confidence_level":0.95,"lower_bound":33243.08822690656,"upper_bound":42855.014463235646},"point_estimate":38245.29162477442,"standard_error":2457.7661512843424}}