{"mean":{"confidence_interval":{"confidence_level":0.95,"lower_bound":17941642.89378588,"upper_bound":17952597.381712966},"point_estimate":17947233.379675925,"standard_error":2787.2689998612223},"median":{"confidence_interval":{"confidence_level":0.95,"lower_bound":17939124.883333333,"upper_bound":17955548.0},"point_estimate":17948731.347222224,"standard_error":4016.2124155881106},"median_abs_dev":{"confidence_interval":{"confidence_level":0.95,"lower_bound":1826.0020446656235,"upper_bound":16446.950998007884},"point_estimate":10911.24941739812,"standard_error":3633.7428252527407},"slope":{"confidence_interval":{"confidence_level":0.95,"lower_bound":17938262.598484848,"upper_bound":17950551.24689228},"point_estimate":17943555.723376624,"standard_error":3150.332641435947},"std_dev":{"confidence_interval":{"confidence_level":0.95,"lower_bound":5419.740655534569,"upper_bound":11278.787026237584},"point_estimate":9245.433541201279,"standard_error":1508.8561484956547}}