{"mean":{"confidence_interval":{"confidence_level":0.95,"lower_bound":745073835.35,"upper_bound":1188890465.05},"point_estimate":979239941.55,"standard_error":112011355.47956493},"median":{"confidence_interval":{"confidence_level":0.95,"lower_bound":569044559.5,"upper_bound":1235588992.5},"point_estimate":1185493909.25,"standard_error":172634856.0198446},"median_abs_dev":{"confidence_interval":{"confidence_level":0.95,"lower_bound":15375792.655675113,"upper_bound":595056300.9727389},"point_estimate":124207248.33603054,"standard_error":150723213.98615333},"slope":null,"std_dev":{"confidence_interval":{"confidence_level":0.95,"lower_bound":75249413.5273192,"upper_bound":434315177.93034184},"point_estimate":372890089.99912316,"standard_error":74440253.50584304}}