{"mean":{"confidence_interval":{"confidence_level":0.95,"lower_bound":43570344.218375,"upper_bound":43583264.575},"point_estimate":43576728.325,"standard_error":3288.3613167886656},"median":{"confidence_interval":{"confidence_level":0.95,"lower_bound":43569785.0,"upper_bound":43582087.0},"point_estimate":43578724.5,"standard_error":3315.0720467098777},"median_abs_dev":{"confidence_interval":{"confidence_level":0.95,"lower_bound":22394.672602415085,"upper_bound":38663.61276358366},"point_estimate":33636.486902832985,"standard_error":4228.3909714210995},"slope":null,"std_dev":{"confidence_interval":{"confidence_level":0.95,"lower_bound":26019.772842209786,"upper_bound":40984.25329458402},"point_estimate":33022.72087536088,"standard_error":3943.1196984660796}}