{"mean":{"confidence_interval":{"confidence_level":0.95,"lower_bound":53301946.224047616,"upper_bound":56712169.10836706},"point_estimate":55071271.5768254,"standard_error":872866.2458553303},"median":{"confidence_interval":{"confidence_level":0.95,"lower_bound":53415706.30555555,"upper_bound":57323265.625},"point_estimate":54660050.56666666,"standard_error":909094.0847355406},"median_abs_dev":{"confidence_interval":{"confidence_level":0.95,"lower_bound":69426.0796174407,"upper_bound":4844677.452164783},"point_estimate":2765833.9978924636,"standard_error":1395520.445097522},"slope":{"confidence_interval":{"confidence_level":0.95,"lower_bound":51381271.07655674,"upper_bound":57484168.431574024},"point_estimate":53988675.16753247,"standard_error":1590801.1352796913},"std_dev":{"confidence_interval":{"confidence_level":0.95,"lower_bound":1457345.413975615,"upper_bound":3870252.4145313674},"point_estimate":2907318.8964843317,"standard_error":646979.60958792}}