{"mean":{"confidence_interval":{"confidence_level":0.95,"lower_bound":1015532146.2,"upper_bound":1016140551.3},"point_estimate":1015835783.0,"standard_error":155477.9365226147},"median":{"confidence_interval":{"confidence_level":0.95,"lower_bound":1015437341.5,"upper_bound":1016244285.0},"point_estimate":1015854665.5,"standard_error":213624.35254914104},"median_abs_dev":{"confidence_interval":{"confidence_level":0.95,"lower_bound":133874.32982325554,"upper_bound":889800.1654028893},"point_estimate":534247.4875152111,"standard_error":195598.84481972584},"slope":null,"std_dev":{"confidence_interval":{"confidence_level":0.95,"lower_bound":287348.27281384997,"upper_bound":669222.2529483422},"point_estimate":520543.6149509686,"standard_error":97993.89492009583}}