{"mean":{"confidence_interval":{"confidence_level":0.95,"lower_bound":751434720.5,"upper_bound":751720364.57},"point_estimate":751576573.7,"standard_error":73364.47289133233},"median":{"confidence_interval":{"confidence_level":0.95,"lower_bound":751350666.0,"upper_bound":751785807.5},"point_estimate":751585471.5,"standard_error":113077.17857163785},"median_abs_dev":{"confidence_interval":{"confidence_level":0.95,"lower_bound":72510.25821268559,"upper_bound":427326.8252134323},"point_estimate":296471.8102365732,"standard_error":90474.00741663952},"slope":null,"std_dev":{"confidence_interval":{"confidence_level":0.95,"lower_bound":150481.3623204622,"upper_bound":296747.5417036738},"point_estimate":245496.97108384952,"standard_error":37522.530260438856}}