{"mean":{"confidence_interval":{"confidence_level":0.95,"lower_bound":5190048.740999999,"upper_bound":5237591.8130250005},"point_estimate":5212650.284,"standard_error":12063.933254342635},"median":{"confidence_interval":{"confidence_level":0.95,"lower_bound":5153904.4,"upper_bound":5155573.5},"point_estimate":5154511.15,"standard_error":424.6514202833889},"median_abs_dev":{"confidence_interval":{"confidence_level":0.95,"lower_bound":2487.506235839041,"upper_bound":5898.227475286635},"point_estimate":3685.81766456407,"standard_error":873.9540988842589},"slope":null,"std_dev":{"confidence_interval":{"confidence_level":0.95,"lower_bound":86935.33299036036,"upper_bound":150908.1228483023},"point_estimate":121899.27431416538,"standard_error":16292.373718751216}}