{"mean":{"confidence_interval":{"confidence_level":0.95,"lower_bound":3966043.7223076927,"upper_bound":3966952.264442309},"point_estimate":3966482.6561538465,"standard_error":231.85265068326913},"median":{"confidence_interval":{"confidence_level":0.95,"lower_bound":3966017.5384615385,"upper_bound":3966961.3846153845},"point_estimate":3966381.6923076925,"standard_error":244.33724367558247},"median_abs_dev":{"confidence_interval":{"confidence_level":0.95,"lower_bound":1597.672540866571,"upper_bound":2559.366716100301},"point_estimate":2305.4999821461697,"standard_error":237.64551692051188},"slope":null,"std_dev":{"confidence_interval":{"confidence_level":0.95,"lower_bound":1756.3509180958831,"upper_bound":2940.999385169893},"point_estimate":2323.3603624474126,"standard_error":309.7026854945775}}