{"mean":{"confidence_interval":{"confidence_level":0.95,"lower_bound":6173544.134285711,"upper_bound":6533130.89},"point_estimate":6346425.255714285,"standard_error":91960.55830294322},"median":{"confidence_interval":{"confidence_level":0.95,"lower_bound":5893412.928571429,"upper_bound":5894982.428571428},"point_estimate":5894058.142857144,"standard_error":373.4119354128995},"median_abs_dev":{"confidence_interval":{"confidence_level":0.95,"lower_bound":3208.981743028594,"upper_bound":6139.4464910030365},"point_estimate":4466.43832070339,"standard_error":775.3700794420009},"slope":null,"std_dev":{"confidence_interval":{"confidence_level":0.95,"lower_bound":761757.1339831973,"upper_bound":1039927.7490113573},"point_estimate":920060.5278850507,"standard_error":73101.01739247695}}