{"mean":{"confidence_interval":{"confidence_level":0.95,"lower_bound":64496741.3715,"upper_bound":64518981.07},"point_estimate":64507910.1,"standard_error":5704.576977924144},"median":{"confidence_interval":{"confidence_level":0.95,"lower_bound":64496562.0,"upper_bound":64524744.0},"point_estimate":64505421.5,"standard_error":7676.156385904031},"median_abs_dev":{"confidence_interval":{"confidence_level":0.95,"lower_bound":46131.09818100929,"upper_bound":77957.51584097739},"point_estimate":58657.58535861969,"standard_error":7808.60126721023},"slope":null,"std_dev":{"confidence_interval":{"confidence_level":0.95,"lower_bound":49161.14642107057,"upper_bound":63965.628269435845},"point_estimate":56971.42060655757,"standard_error":3761.1975830216347}}