{"mean":{"confidence_interval":{"confidence_level":0.95,"lower_bound":553161746.5975,"upper_bound":553374650.6175},"point_estimate":553267214.1,"standard_error":54314.30380570798},"median":{"confidence_interval":{"confidence_level":0.95,"lower_bound":553132060.5,"upper_bound":553419356.0},"point_estimate":553238763.5,"standard_error":80900.92597878027},"median_abs_dev":{"confidence_interval":{"confidence_level":0.95,"lower_bound":47834.60555076599,"upper_bound":302554.91792857647},"point_estimate":232770.41976749897,"standard_error":67603.37119635861},"slope":null,"std_dev":{"confidence_interval":{"confidence_level":0.95,"lower_bound":107443.12775316217,"upper_bound":224218.48479591904},"point_estimate":181001.38410609524,"standard_error":29936.595268897712}}