{"mean":{"confidence_interval":{"confidence_level":0.95,"lower_bound":184594.27542217047,"upper_bound":184816.8416948833},"point_estimate":184705.74420518347,"standard_error":56.74901550695338},"median":{"confidence_interval":{"confidence_level":0.95,"lower_bound":184670.84959349592,"upper_bound":184806.89130434784},"point_estimate":184741.31771968046,"standard_error":43.10150560383747},"median_abs_dev":{"confidence_interval":{"confidence_level":0.95,"lower_bound":246.15857456735588,"upper_bound":443.17856610260196},"point_estimate":333.7933519479923,"standard_error":52.354759613572085},"slope":{"confidence_interval":{"confidence_level":0.95,"lower_bound":184732.18614531928,"upper_bound":184882.7845141058},"point_estimate":184807.4130308852,"standard_error":38.2743801564128},"std_dev":{"confidence_interval":{"confidence_level":0.95,"lower_bound":406.4135653462782,"upper_bound":730.4595978603511},"point_estimate":570.6286424741941,"standard_error":83.69905082501433}}