{"mean":{"confidence_interval":{"confidence_level":0.95,"lower_bound":102714330.8,"upper_bound":1273358381.6},"point_estimate":574560092.5,"standard_error":295610026.85173315},"median":{"confidence_interval":{"confidence_level":0.95,"lower_bound":88766183.0,"upper_bound":1286382529.0},"point_estimate":119454346.0,"standard_error":260903990.6979756},"median_abs_dev":{"confidence_interval":{"confidence_level":0.95,"lower_bound":694599.5702683926,"upper_bound":1712731736.1429334},"point_estimate":44817520.53472996,"standard_error":273289028.971049},"slope":null,"std_dev":{"confidence_interval":{"confidence_level":0.95,"lower_bound":17983219.59858084,"upper_bound":1224609141.7870352},"point_estimate":985962869.1606263,"standard_error":338966634.5756158}}