{"mean":{"confidence_interval":{"confidence_level":0.95,"lower_bound":64526355.43,"upper_bound":64548766.28},"point_estimate":64537171.49,"standard_error":5750.116130715428},"median":{"confidence_interval":{"confidence_level":0.95,"lower_bound":64511721.0,"upper_bound":64542630.0},"point_estimate":64523201.5,"standard_error":8772.694281985672},"median_abs_dev":{"confidence_interval":{"confidence_level":0.95,"lower_bound":39162.78564222158,"upper_bound":61396.169900000044},"point_estimate":50598.17190170288,"standard_error":5826.739577471295},"slope":null,"std_dev":{"confidence_interval":{"confidence_level":0.95,"lower_bound":45884.94247241647,"upper_bound":69478.11336600174},"point_estimate":58066.282664160986,"standard_error":6037.7831583198185}}