{"mean":{"confidence_interval":{"confidence_level":0.95,"lower_bound":68929901.63,"upper_bound":72770924.176},"point_estimate":70821994.56,"standard_error":980138.9998375537},"median":{"confidence_interval":{"confidence_level":0.95,"lower_bound":65541289.0,"upper_bound":65580659.0},"point_estimate":65558384.5,"standard_error":10283.357631637267},"median_abs_dev":{"confidence_interval":{"confidence_level":0.95,"lower_bound":53047.42705821991,"upper_bound":112285.45030653477},"point_estimate":79574.10578727722,"standard_error":16155.742882821432},"slope":null,"std_dev":{"confidence_interval":{"confidence_level":0.95,"lower_bound":8273331.127507865,"upper_bound":10930520.383366024},"point_estimate":9862963.01692967,"standard_error":675333.4553701655}}