{"mean":{"confidence_interval":{"confidence_level":0.95,"lower_bound":5043035.011999997,"upper_bound":5044192.752199997},"point_estimate":5043618.954999999,"standard_error":296.4934427883248},"median":{"confidence_interval":{"confidence_level":0.95,"lower_bound":5043248.4,"upper_bound":5044373.9},"point_estimate":5043625.85,"standard_error":321.13590728181737},"median_abs_dev":{"confidence_interval":{"confidence_level":0.95,"lower_bound":2104.3282726408434,"upper_bound":3591.9894719794274},"point_estimate":2914.1243782643646,"standard_error":363.26741235013674},"slope":null,"std_dev":{"confidence_interval":{"confidence_level":0.95,"lower_bound":2528.9590830714383,"upper_bound":3455.1826227042125},"point_estimate":3000.140374135897,"standard_error":237.98897014275678}}