{"mean":{"confidence_interval":{"confidence_level":0.95,"lower_bound":6477765.9125,"upper_bound":6478781.16478125},"point_estimate":6478254.81875,"standard_error":258.92114649787965},"median":{"confidence_interval":{"confidence_level":0.95,"lower_bound":6477784.5625,"upper_bound":6478501.5625},"point_estimate":6478190.3125,"standard_error":179.59747494207392},"median_abs_dev":{"confidence_interval":{"confidence_level":0.95,"lower_bound":1325.5370389670134,"upper_bound":2629.673673938959},"point_estimate":2071.5628132224083,"standard_error":342.2465475854061},"slope":null,"std_dev":{"confidence_interval":{"confidence_level":0.95,"lower_bound":1843.3029596309973,"upper_bound":3347.2363507947975},"point_estimate":2593.971235689212,"standard_error":393.4981793060043}}