{"mean":{"confidence_interval":{"confidence_level":0.95,"lower_bound":5136993.793000001,"upper_bound":5138310.137349998},"point_estimate":5137650.142999998,"standard_error":334.27451223295753},"median":{"confidence_interval":{"confidence_level":0.95,"lower_bound":5136323.9,"upper_bound":5138288.35},"point_estimate":5137113.3,"standard_error":506.51307471091},"median_abs_dev":{"confidence_interval":{"confidence_level":0.95,"lower_bound":2389.80289757307,"upper_bound":4361.067822575569},"point_estimate":3270.912061929979,"standard_error":492.9800566064587},"slope":null,"std_dev":{"confidence_interval":{"confidence_level":0.95,"lower_bound":2869.583681217546,"upper_bound":3851.8031415308956},"point_estimate":3377.1501631546944,"standard_error":249.20204142810144}}