{"mean":{"confidence_interval":{"confidence_level":0.95,"lower_bound":43473043.31,"upper_bound":43486194.94275},"point_estimate":43479477.495,"standard_error":3340.2889502043363},"median":{"confidence_interval":{"confidence_level":0.95,"lower_bound":43466477.5,"upper_bound":43482032.5},"point_estimate":43476963.75,"standard_error":3826.673294375772},"median_abs_dev":{"confidence_interval":{"confidence_level":0.95,"lower_bound":23390.979784727097,"upper_bound":39894.54139173031},"point_estimate":32078.274330496788,"standard_error":4266.681285203138},"slope":null,"std_dev":{"confidence_interval":{"confidence_level":0.95,"lower_bound":27431.483786841574,"upper_bound":38927.96522873233},"point_estimate":33347.23892372251,"standard_error":2942.0808183513645}}