{"mean":{"confidence_interval":{"confidence_level":0.95,"lower_bound":6371318.76375,"upper_bound":6372829.861968749},"point_estimate":6372051.73125,"standard_error":387.6280806880194},"median":{"confidence_interval":{"confidence_level":0.95,"lower_bound":6370722.0,"upper_bound":6372085.875},"point_estimate":6371599.9375,"standard_error":388.2646890819522},"median_abs_dev":{"confidence_interval":{"confidence_level":0.95,"lower_bound":2292.8408592939377,"upper_bound":3878.859130823983},"point_estimate":3070.5572079867125,"standard_error":411.47870443447533},"slope":null,"std_dev":{"confidence_interval":{"confidence_level":0.95,"lower_bound":3086.687917850087,"upper_bound":4610.86975264984},"point_estimate":3884.7417518612124,"standard_error":392.06380313180694}}