{"mean":{"confidence_interval":{"confidence_level":0.95,"lower_bound":1168522.9439117939,"upper_bound":1171233.6643285546},"point_estimate":1169823.8015093275,"standard_error":694.5526300349499},"median":{"confidence_interval":{"confidence_level":0.95,"lower_bound":1168195.4523809524,"upper_bound":1170894.3606557378},"point_estimate":1169796.8314285716,"standard_error":748.3987733962374},"median_abs_dev":{"confidence_interval":{"confidence_level":0.95,"lower_bound":3729.8518801529453,"upper_bound":5616.284415207767},"point_estimate":4698.648115105204,"standard_error":484.02868538776585},"slope":{"confidence_interval":{"confidence_level":0.95,"lower_bound":1169083.0131911032,"upper_bound":1170872.0382057044},"point_estimate":1170004.9640579282,"standard_error":452.6677041022808},"std_dev":{"confidence_interval":{"confidence_level":0.95,"lower_bound":4946.633151877604,"upper_bound":8967.043892782995},"point_estimate":6956.263309220047,"standard_error":1038.3471789028174}}