{"mean":{"confidence_interval":{"confidence_level":0.95,"lower_bound":991687882.1,"upper_bound":993213894.0},"point_estimate":992303813.3,"standard_error":407457.0538945592},"median":{"confidence_interval":{"confidence_level":0.95,"lower_bound":991471373.0,"upper_bound":992350382.5},"point_estimate":992087206.0,"standard_error":216319.63436973034},"median_abs_dev":{"confidence_interval":{"confidence_level":0.95,"lower_bound":45445.395693182945,"upper_bound":1218237.5723719597},"point_estimate":485911.0218733549,"standard_error":333713.53441976866},"slope":null,"std_dev":{"confidence_interval":{"confidence_level":0.95,"lower_bound":324518.630130398,"upper_bound":2050175.4079267054},"point_estimate":1357913.6114659337,"standard_error":561992.9597169675}}