{"mean":{"confidence_interval":{"confidence_level":0.95,"lower_bound":1059357.1840509993,"upper_bound":1065260.04629502},"point_estimate":1062215.3591286684,"standard_error":1478.1734611955699},"median":{"confidence_interval":{"confidence_level":0.95,"lower_bound":1060459.0314955474,"upper_bound":1065644.7595238094},"point_estimate":1062418.4463869464,"standard_error":1374.8117991393628},"median_abs_dev":{"confidence_interval":{"confidence_level":0.95,"lower_bound":7253.218574170936,"upper_bound":12611.702222066933},"point_estimate":9271.169371767384,"standard_error":1392.7075315522875},"slope":{"confidence_interval":{"confidence_level":0.95,"lower_bound":1061661.5572199088,"upper_bound":1066158.0608137485},"point_estimate":1063780.9626422343,"standard_error":1136.107824688146},"std_dev":{"confidence_interval":{"confidence_level":0.95,"lower_bound":10816.797600074613,"upper_bound":18100.68052629874},"point_estimate":14557.020225491004,"standard_error":1876.6273079560988}}