{"mean":{"confidence_interval":{"confidence_level":0.95,"lower_bound":37253447171.6,"upper_bound":96277366493.235},"point_estimate":66992190711.5,"standard_error":15053032471.983232},"median":{"confidence_interval":{"confidence_level":0.95,"lower_bound":9118686738.0,"upper_bound":106850375153.0},"point_estimate":102160468669.5,"standard_error":35612681479.5333},"median_abs_dev":{"confidence_interval":{"confidence_level":0.95,"lower_bound":1388555000.5153208,"upper_bound":73549811169.78743},"point_estimate":12625584506.038168,"standard_error":25886529265.374573},"slope":null,"std_dev":{"confidence_interval":{"confidence_level":0.95,"lower_bound":30912331999.3092,"upper_bound":52705036032.610725},"point_estimate":50456634784.15794,"standard_error":5801200695.2437725}}