{"mean":{"confidence_interval":{"confidence_level":0.95,"lower_bound":2464595.4800000004,"upper_bound":2465065.9150833325},"point_estimate":2464821.9519047616,"standard_error":120.82427753809972},"median":{"confidence_interval":{"confidence_level":0.95,"lower_bound":2464433.714285714,"upper_bound":2464915.761904762},"point_estimate":2464707.523809524,"standard_error":116.90734505308278},"median_abs_dev":{"confidence_interval":{"confidence_level":0.95,"lower_bound":739.9232868636371,"upper_bound":1294.1685770240463},"point_estimate":957.4418830019594,"standard_error":138.0112583117588},"slope":null,"std_dev":{"confidence_interval":{"confidence_level":0.95,"lower_bound":928.6435923128192,"upper_bound":1514.6409722664391},"point_estimate":1214.9969226486398,"standard_error":151.85138638161834}}