{"mean":{"confidence_interval":{"confidence_level":0.95,"lower_bound":62161538.49725,"upper_bound":62182015.07},"point_estimate":62171500.58,"standard_error":5218.310530920126},"median":{"confidence_interval":{"confidence_level":0.95,"lower_bound":62156363.0,"upper_bound":62178618.0},"point_estimate":62170734.5,"standard_error":6389.443780393831},"median_abs_dev":{"confidence_interval":{"confidence_level":0.95,"lower_bound":36185.66929757603,"upper_bound":59636.8426412344},"point_estimate":45477.271592617035,"standard_error":6102.243453157046},"slope":null,"std_dev":{"confidence_interval":{"confidence_level":0.95,"lower_bound":42108.229122563884,"upper_bound":64127.54225253826},"point_estimate":52691.523001003225,"standard_error":5706.013133220198}}