{"mean":{"confidence_interval":{"confidence_level":0.95,"lower_bound":40716999.73963889,"upper_bound":40731863.32814815},"point_estimate":40724502.79018519,"standard_error":3785.9857204471555},"median":{"confidence_interval":{"confidence_level":0.95,"lower_bound":40715612.541666664,"upper_bound":40738172.6},"point_estimate":40723923.68333334,"standard_error":5525.545049474868},"median_abs_dev":{"confidence_interval":{"confidence_level":0.95,"lower_bound":2902.211412916742,"upper_bound":21767.891108554464},"point_estimate":15378.869503645501,"standard_error":5142.727083784674},"slope":{"confidence_interval":{"confidence_level":0.95,"lower_bound":40722640.05693296,"upper_bound":40736190.90543906},"point_estimate":40729074.69004329,"standard_error":3509.875350810112},"std_dev":{"confidence_interval":{"confidence_level":0.95,"lower_bound":7511.517914049647,"upper_bound":15718.708701755962},"point_estimate":12667.758126739009,"standard_error":2123.4388224394784}}