{"mean":{"confidence_interval":{"confidence_level":0.95,"lower_bound":182020.03734983943,"upper_bound":182241.93444813526},"point_estimate":182123.5390883644,"standard_error":56.871532785145384},"median":{"confidence_interval":{"confidence_level":0.95,"lower_bound":181966.41836734695,"upper_bound":182105.0052910053},"point_estimate":182043.5209586295,"standard_error":34.270875098339594},"median_abs_dev":{"confidence_interval":{"confidence_level":0.95,"lower_bound":219.4691992248671,"upper_bound":436.99285529750404},"point_estimate":324.52703318302974,"standard_error":55.85203390600767},"slope":{"confidence_interval":{"confidence_level":0.95,"lower_bound":182009.27026771216,"upper_bound":182147.41089262275},"point_estimate":182077.70024136742,"standard_error":35.15856465953555},"std_dev":{"confidence_interval":{"confidence_level":0.95,"lower_bound":347.7995708727424,"upper_bound":798.2267965137955},"point_estimate":573.7001774536221,"standard_error":119.81407407239918}}