{"mean":{"confidence_interval":{"confidence_level":0.95,"lower_bound":1750092.901794385,"upper_bound":1796576.1634115332},"point_estimate":1772677.666490655,"standard_error":11913.85038724301},"median":{"confidence_interval":{"confidence_level":0.95,"lower_bound":1747626.2876712328,"upper_bound":1778431.613313008},"point_estimate":1764841.5508474577,"standard_error":7584.641164383357},"median_abs_dev":{"confidence_interval":{"confidence_level":0.95,"lower_bound":49890.95832967486,"upper_bound":89733.48419674204},"point_estimate":65322.29813271644,"standard_error":9863.864659587907},"slope":{"confidence_interval":{"confidence_level":0.95,"lower_bound":1753419.7798567507,"upper_bound":1777806.7774210179},"point_estimate":1765138.7188650805,"standard_error":6179.834369678923},"std_dev":{"confidence_interval":{"confidence_level":0.95,"lower_bound":89234.85366788566,"upper_bound":147125.8208694356},"point_estimate":120083.95152311616,"standard_error":14822.887614346864}}