{"mean":{"confidence_interval":{"confidence_level":0.95,"lower_bound":746054503.5,"upper_bound":746297407.3},"point_estimate":746175865.9,"standard_error":62327.69723088415},"median":{"confidence_interval":{"confidence_level":0.95,"lower_bound":746030170.0,"upper_bound":746402877.0},"point_estimate":746105412.5,"standard_error":106447.87674244218},"median_abs_dev":{"confidence_interval":{"confidence_level":0.95,"lower_bound":19320.50155699253,"upper_bound":348870.59980630875},"point_estimate":245805.43873608112,"standard_error":93316.32313722807},"slope":null,"std_dev":{"confidence_interval":{"confidence_level":0.95,"lower_bound":131814.2937717471,"upper_bound":248100.5317255487},"point_estimate":206429.3044751641,"standard_error":30228.232826895597}}