{"mean":{"confidence_interval":{"confidence_level":0.95,"lower_bound":66671983.61,"upper_bound":66694883.34},"point_estimate":66683244.76,"standard_error":5883.736209073416},"median":{"confidence_interval":{"confidence_level":0.95,"lower_bound":66659899.0,"upper_bound":66690588.5},"point_estimate":66668124.0,"standard_error":9538.23290488665},"median_abs_dev":{"confidence_interval":{"confidence_level":0.95,"lower_bound":45654.442289471626,"upper_bound":76092.9610490799},"point_estimate":57976.33067071438,"standard_error":7871.894501807124},"slope":null,"std_dev":{"confidence_interval":{"confidence_level":0.95,"lower_bound":50859.655587803834,"upper_bound":67598.10638156765},"point_estimate":59684.90728161136,"standard_error":4246.588549337295}}