{"mean":{"confidence_interval":{"confidence_level":0.95,"lower_bound":6540107.0975,"upper_bound":6543714.883781251},"point_estimate":6541700.6125,"standard_error":927.8464122506986},"median":{"confidence_interval":{"confidence_level":0.95,"lower_bound":6539451.75,"upper_bound":6540256.5625},"point_estimate":6539765.25,"standard_error":195.5938278590665},"median_abs_dev":{"confidence_interval":{"confidence_level":0.95,"lower_bound":1510.0280731916428,"upper_bound":2481.1310559511185},"point_estimate":2023.563639074564,"standard_error":251.94502810794435},"slope":null,"std_dev":{"confidence_interval":{"confidence_level":0.95,"lower_bound":3557.523334987921,"upper_bound":13306.308764938663},"point_estimate":9341.456181475969,"standard_error":2373.2696483343484}}