{"mean":{"confidence_interval":{"confidence_level":0.95,"lower_bound":423940425.1,"upper_bound":734931030.6},"point_estimate":564690419.4,"standard_error":80236366.37612683},"median":{"confidence_interval":{"confidence_level":0.95,"lower_bound":359958488.5,"upper_bound":723106454.5},"point_estimate":514381226.5,"standard_error":89804075.53344889},"median_abs_dev":{"confidence_interval":{"confidence_level":0.95,"lower_bound":35204071.73090279,"upper_bound":400991929.68657017},"point_estimate":173006765.16141593,"standard_error":96053458.15894608},"slope":null,"std_dev":{"confidence_interval":{"confidence_level":0.95,"lower_bound":108515374.2448421,"upper_bound":359689900.30561954},"point_estimate":267219604.6413883,"standard_error":69165760.05939282}}