{"mean":{"confidence_interval":{"confidence_level":0.95,"lower_bound":39683397.238125004,"upper_bound":39695582.66175},"point_estimate":39689517.845,"standard_error":3115.858659122907},"median":{"confidence_interval":{"confidence_level":0.95,"lower_bound":39679066.0,"upper_bound":39690391.0},"point_estimate":39683896.0,"standard_error":3171.281680422922},"median_abs_dev":{"confidence_interval":{"confidence_level":0.95,"lower_bound":21542.177617549896,"upper_bound":37235.58173518626},"point_estimate":28664.587891101837,"standard_error":4071.8164050903133},"slope":null,"std_dev":{"confidence_interval":{"confidence_level":0.95,"lower_bound":27267.28331149194,"upper_bound":35677.22185313025},"point_estimate":31772.67268223114,"standard_error":2150.7424140742387}}