{"mean":{"confidence_interval":{"confidence_level":0.95,"lower_bound":932305647.0650004,"upper_bound":1774550644.5},"point_estimate":1346519251.7,"standard_error":214941289.0776655},"median":{"confidence_interval":{"confidence_level":0.95,"lower_bound":662009525.0,"upper_bound":2058745964.25},"point_estimate":1135556291.0,"standard_error":360851005.25196075},"median_abs_dev":{"confidence_interval":{"confidence_level":0.95,"lower_bound":68109375.16781688,"upper_bound":1164329239.909874},"point_estimate":934308292.8979621,"standard_error":282174897.12790763},"slope":null,"std_dev":{"confidence_interval":{"confidence_level":0.95,"lower_bound":445060417.3553211,"upper_bound":848558525.5416975},"point_estimate":713865486.3452588,"standard_error":102712842.99511814}}