{"mean":{"confidence_interval":{"confidence_level":0.95,"lower_bound":23495767.948550593,"upper_bound":23505727.935863093},"point_estimate":23500920.941696428,"standard_error":2561.4645213894805},"median":{"confidence_interval":{"confidence_level":0.95,"lower_bound":23493281.535714287,"upper_bound":23506868.2},"point_estimate":23502293.270833336,"standard_error":3106.4036208806265},"median_abs_dev":{"confidence_interval":{"confidence_level":0.95,"lower_bound":1562.8765847543145,"upper_bound":14708.531266998869},"point_estimate":8797.494966309008,"standard_error":3719.0428536428744},"slope":{"confidence_interval":{"confidence_level":0.95,"lower_bound":23493347.86579694,"upper_bound":23503040.82236916},"point_estimate":23498465.704545453,"standard_error":2477.277278737676},"std_dev":{"confidence_interval":{"confidence_level":0.95,"lower_bound":4422.95960866402,"upper_bound":10916.045234266592},"point_estimate":8555.036067747586,"standard_error":1643.2815684592956}}