{"mean":{"confidence_interval":{"confidence_level":0.95,"lower_bound":44430921.97222223,"upper_bound":44457313.98380952},"point_estimate":44444161.61682539,"standard_error":6768.709954135226},"median":{"confidence_interval":{"confidence_level":0.95,"lower_bound":44421688.11111111,"upper_bound":44465082.733333334},"point_estimate":44443967.05555555,"standard_error":9890.98221178443},"median_abs_dev":{"confidence_interval":{"confidence_level":0.95,"lower_bound":5511.796028815549,"upper_bound":40367.714349994196},"point_estimate":32168.43288222961,"standard_error":9686.747851274888},"slope":{"confidence_interval":{"confidence_level":0.95,"lower_bound":44442534.80608078,"upper_bound":44465860.94408225},"point_estimate":44453090.435497835,"standard_error":6009.145663350575},"std_dev":{"confidence_interval":{"confidence_level":0.95,"lower_bound":13700.588131937942,"upper_bound":27318.22632974374},"point_estimate":22664.578259055535,"standard_error":3477.282742998028}}