{"mean":{"confidence_interval":{"confidence_level":0.95,"lower_bound":47178736.62083334,"upper_bound":47868021.17279761},"point_estimate":47504509.067023806,"standard_error":170269.60594173582},"median":{"confidence_interval":{"confidence_level":0.95,"lower_bound":47141091.16666667,"upper_bound":48077627.7},"point_estimate":47161873.6875,"standard_error":252654.2166440836},"median_abs_dev":{"confidence_interval":{"confidence_level":0.95,"lower_bound":7592.301802709699,"upper_bound":785685.2247112993},"point_estimate":52555.358304452195,"standard_error":231246.07830747002},"slope":{"confidence_interval":{"confidence_level":0.95,"lower_bound":47153263.01977358,"upper_bound":48146085.02788276},"point_estimate":47758694.29480519,"standard_error":229056.44945195253},"std_dev":{"confidence_interval":{"confidence_level":0.95,"lower_bound":52376.399389232334,"upper_bound":663627.8786345734},"point_estimate":563458.2029403669,"standard_error":122103.1421946376}}