{"mean":{"confidence_interval":{"confidence_level":0.95,"lower_bound":5988331.124611113,"upper_bound":5989453.459999999},"point_estimate":5988888.323333335,"standard_error":288.8991013839667},"median":{"confidence_interval":{"confidence_level":0.95,"lower_bound":5988038.388888889,"upper_bound":5989344.055555556},"point_estimate":5988712.277777778,"standard_error":340.8799374878988},"median_abs_dev":{"confidence_interval":{"confidence_level":0.95,"lower_bound":2219.2050606007742,"upper_bound":3535.506737231288},"point_estimate":2895.764848589667,"standard_error":351.8549247929424},"slope":null,"std_dev":{"confidence_interval":{"confidence_level":0.95,"lower_bound":2394.3677537755857,"upper_bound":3337.6809262593824},"point_estimate":2880.3714012133264,"standard_error":241.6439009320621}}