{"mean":{"confidence_interval":{"confidence_level":0.95,"lower_bound":2163808365.635,"upper_bound":4748710444.1325},"point_estimate":3462983377.9,"standard_error":623536386.8743569},"median":{"confidence_interval":{"confidence_level":0.95,"lower_bound":463566579.0,"upper_bound":4776620561.0},"point_estimate":4734977184.5,"standard_error":1068753048.3460826},"median_abs_dev":{"confidence_interval":{"confidence_level":0.95,"lower_bound":13933301.829734445,"upper_bound":3211200161.923501},"point_estimate":67762289.61837888,"standard_error":953060297.8724527},"slope":null,"std_dev":{"confidence_interval":{"confidence_level":0.95,"lower_bound":35013941.93227638,"upper_bound":2287036421.460772},"point_estimate":2089351781.179663,"standard_error":428324723.2786822}}