{"mean":{"confidence_interval":{"confidence_level":0.95,"lower_bound":515634984.65250003,"upper_bound":628860514.8},"point_estimate":568323833.4,"standard_error":28764689.352179408},"median":{"confidence_interval":{"confidence_level":0.95,"lower_bound":495301980.0,"upper_bound":645652806.5},"point_estimate":534246916.5,"standard_error":33037016.985141248},"median_abs_dev":{"confidence_interval":{"confidence_level":0.95,"lower_bound":5676082.849529386,"upper_bound":156690597.5193858},"point_estimate":93354908.86631906,"standard_error":40225756.13901231},"slope":null,"std_dev":{"confidence_interval":{"confidence_level":0.95,"lower_bound":42287031.062442385,"upper_bound":122524321.59976822},"point_estimate":95602347.87669317,"standard_error":20877172.738207795}}