{"mean":{"confidence_interval":{"confidence_level":0.95,"lower_bound":192294.4303852772,"upper_bound":192326.54831339556},"point_estimate":192308.78440333568,"standard_error":8.318567628321377},"median":{"confidence_interval":{"confidence_level":0.95,"lower_bound":192290.07496476392,"upper_bound":192321.28699788585},"point_estimate":192300.4339323467,"standard_error":7.860892921572451},"median_abs_dev":{"confidence_interval":{"confidence_level":0.95,"lower_bound":3.7720101655848493,"upper_bound":38.27775706532839},"point_estimate":15.913082994410978,"standard_error":9.128789735554989},"slope":{"confidence_interval":{"confidence_level":0.95,"lower_bound":192290.6965832367,"upper_bound":192309.92748862779},"point_estimate":192299.9926031685,"standard_error":4.9470425393021875},"std_dev":{"confidence_interval":{"confidence_level":0.95,"lower_bound":8.81140855213412,"upper_bound":38.251671954092664},"point_estimate":27.888693736122743,"standard_error":7.973337081541363}}