{"mean":{"confidence_interval":{"confidence_level":0.95,"lower_bound":560495192.8,"upper_bound":565061151.7},"point_estimate":562754934.3,"standard_error":1176755.2699628486},"median":{"confidence_interval":{"confidence_level":0.95,"lower_bound":559475193.0,"upper_bound":567240352.0},"point_estimate":560375387.0,"standard_error":2776056.684054523},"median_abs_dev":{"confidence_interval":{"confidence_level":0.95,"lower_bound":193056.75557255745,"upper_bound":5780633.575773239},"point_estimate":1599609.7288012505,"standard_error":1859304.5299111556},"slope":null,"std_dev":{"confidence_interval":{"confidence_level":0.95,"lower_bound":2428999.724196167,"upper_bound":4120510.67349266},"point_estimate":3894992.6430528737,"standard_error":446628.10949140554}}