{"mean":{"confidence_interval":{"confidence_level":0.95,"lower_bound":1679840844.7,"upper_bound":4217676983.5325},"point_estimate":2952015604.1,"standard_error":655263750.7522112},"median":{"confidence_interval":{"confidence_level":0.95,"lower_bound":434869633.5,"upper_bound":4644450423.0},"point_estimate":4609233224.5,"standard_error":1597428608.4414513},"median_abs_dev":{"confidence_interval":{"confidence_level":0.95,"lower_bound":5851903.639107943,"upper_bound":3141286312.10382},"point_estimate":82333824.04998243,"standard_error":1216876357.7237532},"slope":null,"std_dev":{"confidence_interval":{"confidence_level":0.95,"lower_bound":1329612672.1490183,"upper_bound":2237197972.0730357},"point_estimate":2178068075.304605,"standard_error":263672882.39577845}}