{"mean":{"confidence_interval":{"confidence_level":0.95,"lower_bound":67491951.80785716,"upper_bound":67526506.86404762},"point_estimate":67507546.76285714,"standard_error":8905.384347054362},"median":{"confidence_interval":{"confidence_level":0.95,"lower_bound":67491969.71666667,"upper_bound":67526485.5},"point_estimate":67494686.35,"standard_error":9361.576019156737},"median_abs_dev":{"confidence_interval":{"confidence_level":0.95,"lower_bound":510.2156009298693,"upper_bound":47308.71498509873},"point_estimate":4525.166929657073,"standard_error":12539.035234699977},"slope":{"confidence_interval":{"confidence_level":0.95,"lower_bound":67491972.37365592,"upper_bound":67520997.9448718},"point_estimate":67503769.81688312,"standard_error":8134.462517209896},"std_dev":{"confidence_interval":{"confidence_level":0.95,"lower_bound":8553.630145313089,"upper_bound":39515.439683512355},"point_estimate":29432.168964566736,"standard_error":7967.713861348671}}