{"mean":{"confidence_interval":{"confidence_level":0.95,"lower_bound":552088465.5575,"upper_bound":552452655.1},"point_estimate":552269421.7,"standard_error":93984.37025332043},"median":{"confidence_interval":{"confidence_level":0.95,"lower_bound":552052448.5,"upper_bound":552513613.5},"point_estimate":552222783.5,"standard_error":115268.80438568421},"median_abs_dev":{"confidence_interval":{"confidence_level":0.95,"lower_bound":72995.06840407848,"upper_bound":533549.1829276085},"point_estimate":281413.0423039198,"standard_error":120162.94245902792},"slope":null,"std_dev":{"confidence_interval":{"confidence_level":0.95,"lower_bound":167770.72669118675,"upper_bound":395432.53022374824},"point_estimate":311677.3302183062,"standard_error":58259.029654736885}}