{"mean":{"confidence_interval":{"confidence_level":0.95,"lower_bound":62323501.24,"upper_bound":62345888.97},"point_estimate":62334594.65,"standard_error":5724.192149705483},"median":{"confidence_interval":{"confidence_level":0.95,"lower_bound":62316847.0,"upper_bound":62347233.0},"point_estimate":62332204.0,"standard_error":7058.200779725694},"median_abs_dev":{"confidence_interval":{"confidence_level":0.95,"lower_bound":43105.11163473129,"upper_bound":71238.9287352562},"point_estimate":57738.373374938965,"standard_error":7029.780938580169},"slope":null,"std_dev":{"confidence_interval":{"confidence_level":0.95,"lower_bound":48852.468619499385,"upper_bound":65066.179487905865},"point_estimate":57297.80399821337,"standard_error":4149.274565213946}}