{"mean":{"confidence_interval":{"confidence_level":0.95,"lower_bound":459181268.9,"upper_bound":751203058.0599995},"point_estimate":598819718.6,"standard_error":75077605.546005},"median":{"confidence_interval":{"confidence_level":0.95,"lower_bound":415362522.5,"upper_bound":822729484.0},"point_estimate":519083655.5,"standard_error":113395650.72975905},"median_abs_dev":{"confidence_interval":{"confidence_level":0.95,"lower_bound":16601428.031265736,"upper_bound":408776361.6198689},"point_estimate":171164129.12752926,"standard_error":104772724.90084702},"slope":null,"std_dev":{"confidence_interval":{"confidence_level":0.95,"lower_bound":124743303.48513709,"upper_bound":302797893.42950064},"point_estimate":250671827.9030536,"standard_error":43334576.51880262}}