{"mean":{"confidence_interval":{"confidence_level":0.95,"lower_bound":1008044504.4,"upper_bound":1008446945.6},"point_estimate":1008243705.3,"standard_error":103210.05963345424},"median":{"confidence_interval":{"confidence_level":0.95,"lower_bound":1007974610.0,"upper_bound":1008460095.0},"point_estimate":1008244915.5,"standard_error":122069.82920004857},"median_abs_dev":{"confidence_interval":{"confidence_level":0.95,"lower_bound":90602.4256914854,"upper_bound":604020.1248764992},"point_estimate":315048.0466067791,"standard_error":129847.11071067744},"slope":null,"std_dev":{"confidence_interval":{"confidence_level":0.95,"lower_bound":178188.84801064848,"upper_bound":445040.120848803},"point_estimate":341800.20939596015,"standard_error":68350.73203318079}}