{"mean":{"confidence_interval":{"confidence_level":0.95,"lower_bound":540887795.5,"upper_bound":541212655.7724999},"point_estimate":541045955.9,"standard_error":82960.56187109061},"median":{"confidence_interval":{"confidence_level":0.95,"lower_bound":540828221.0,"upper_bound":541228064.5},"point_estimate":541048413.5,"standard_error":100799.32013604463},"median_abs_dev":{"confidence_interval":{"confidence_level":0.95,"lower_bound":71400.53213238716,"upper_bound":491599.75797235966},"point_estimate":230462.0116084814,"standard_error":100737.40643671763},"slope":null,"std_dev":{"confidence_interval":{"confidence_level":0.95,"lower_bound":145367.4174207002,"upper_bound":365382.43165162654},"point_estimate":278166.3968967935,"standard_error":57542.259371834174}}