{"mean":{"confidence_interval":{"confidence_level":0.95,"lower_bound":63415728.59,"upper_bound":63436195.81725},"point_estimate":63425786.95,"standard_error":5213.661157545049},"median":{"confidence_interval":{"confidence_level":0.95,"lower_bound":63408374.0,"upper_bound":63433312.0},"point_estimate":63424388.0,"standard_error":5662.509142257721},"median_abs_dev":{"confidence_interval":{"confidence_level":0.95,"lower_bound":39140.639305114746,"upper_bound":62215.083995461464},"point_estimate":47438.01005780697,"standard_error":6104.4503675961},"slope":null,"std_dev":{"confidence_interval":{"confidence_level":0.95,"lower_bound":43278.47218135856,"upper_bound":63757.887532395034},"point_estimate":53314.50096302945,"standard_error":5270.493472478742}}