{"mean":{"confidence_interval":{"confidence_level":0.95,"lower_bound":3099162.5758823515,"upper_bound":3099840.7778970585},"point_estimate":3099497.2264705882,"standard_error":172.6508222277536},"median":{"confidence_interval":{"confidence_level":0.95,"lower_bound":3098979.676470588,"upper_bound":3099951.294117647},"point_estimate":3099339.911764706,"standard_error":221.6209801568661},"median_abs_dev":{"confidence_interval":{"confidence_level":0.95,"lower_bound":1257.7680482582668,"upper_bound":2054.020167063127},"point_estimate":1564.8842722177505,"standard_error":198.85650592523305},"slope":null,"std_dev":{"confidence_interval":{"confidence_level":0.95,"lower_bound":1467.6640283054824,"upper_bound":1997.3563878935897},"point_estimate":1742.8888274492563,"standard_error":136.3108608665775}}