{"mean":{"confidence_interval":{"confidence_level":0.95,"lower_bound":1019339265.4,"upper_bound":1019737350.6},"point_estimate":1019532300.1,"standard_error":102570.28764567355},"median":{"confidence_interval":{"confidence_level":0.95,"lower_bound":1019262575.0,"upper_bound":1019802770.0},"point_estimate":1019523590.5,"standard_error":101661.47026575136},"median_abs_dev":{"confidence_interval":{"confidence_level":0.95,"lower_bound":26027.783837914467,"upper_bound":650523.3556509018},"point_estimate":236849.7935950756,"standard_error":178154.8789142538},"slope":null,"std_dev":{"confidence_interval":{"confidence_level":0.95,"lower_bound":162609.13914947503,"upper_bound":435964.5290985265},"point_estimate":341879.0236617008,"standard_error":71203.51215094535}}