{"mean":{"confidence_interval":{"confidence_level":0.95,"lower_bound":1648162.06132021,"upper_bound":1649210.5005005638},"point_estimate":1648669.9689454315,"standard_error":266.18610707940684},"median":{"confidence_interval":{"confidence_level":0.95,"lower_bound":1648012.1860465116,"upper_bound":1649015.7024456523},"point_estimate":1648395.1597222222,"standard_error":314.97223075531826},"median_abs_dev":{"confidence_interval":{"confidence_level":0.95,"lower_bound":1563.097294280091,"upper_bound":2474.652718416881},"point_estimate":2073.731490077811,"standard_error":237.10924506343022},"slope":{"confidence_interval":{"confidence_level":0.95,"lower_bound":1648323.0575390095,"upper_bound":1649052.2568295682},"point_estimate":1648690.5392286095,"standard_error":186.26222397835724},"std_dev":{"confidence_interval":{"confidence_level":0.95,"lower_bound":2083.225991511573,"upper_bound":3213.2734589832166},"point_estimate":2663.867680288026,"standard_error":290.6158451831677}}