{"mean":{"confidence_interval":{"confidence_level":0.95,"lower_bound":18791113021.0,"upper_bound":80843469874.11},"point_estimate":49651715268.5,"standard_error":15927123540.285536},"median":{"confidence_interval":{"confidence_level":0.95,"lower_bound":8033615578.5,"upper_bound":110329595515.5},"point_estimate":10775831275.0,"standard_error":37708701374.87381},"median_abs_dev":{"confidence_interval":{"confidence_level":0.95,"lower_bound":946350660.4051173,"upper_bound":78477833510.03154},"point_estimate":7182635260.637533,"standard_error":28572023877.761806},"slope":null,"std_dev":{"confidence_interval":{"confidence_level":0.95,"lower_bound":32208831544.938057,"upper_bound":55049109350.91944},"point_estimate":53074425705.93907,"standard_error":6369935544.955528}}