{"mean":{"confidence_interval":{"confidence_level":0.95,"lower_bound":6564284.44546875,"upper_bound":6565349.075},"point_estimate":6564817.3675,"standard_error":271.5656057780945},"median":{"confidence_interval":{"confidence_level":0.95,"lower_bound":6564450.625,"upper_bound":6565412.3125},"point_estimate":6565020.4375,"standard_error":226.32622758665966},"median_abs_dev":{"confidence_interval":{"confidence_level":0.95,"lower_bound":1507.2481982409954,"upper_bound":2610.2099161595106},"point_estimate":2138.4651370346546,"standard_error":281.82467798497663},"slope":null,"std_dev":{"confidence_interval":{"confidence_level":0.95,"lower_bound":2266.8390088547158,"upper_bound":3162.540841187107},"point_estimate":2731.4366399385385,"standard_error":228.15876849046433}}