{"mean":{"confidence_interval":{"confidence_level":0.95,"lower_bound":64861934.665,"upper_bound":64882808.8},"point_estimate":64872255.91,"standard_error":5367.314119877541},"median":{"confidence_interval":{"confidence_level":0.95,"lower_bound":64851649.0,"upper_bound":64884647.0},"point_estimate":64868007.0,"standard_error":7395.201236190566},"median_abs_dev":{"confidence_interval":{"confidence_level":0.95,"lower_bound":41283.737567067146,"upper_bound":64801.47964954376},"point_estimate":51416.56708717346,"standard_error":5800.993574235741},"slope":null,"std_dev":{"confidence_interval":{"confidence_level":0.95,"lower_bound":46198.33850547293,"upper_bound":61095.30281045271},"point_estimate":53974.5203659022,"standard_error":3815.649971567659}}