{"mean":{"confidence_interval":{"confidence_level":0.95,"lower_bound":42454325.808249995,"upper_bound":42466375.58725},"point_estimate":42460350.24,"standard_error":3084.0678560207434},"median":{"confidence_interval":{"confidence_level":0.95,"lower_bound":42454042.5,"upper_bound":42466611.5},"point_estimate":42461155.0,"standard_error":3111.521481807566},"median_abs_dev":{"confidence_interval":{"confidence_level":0.95,"lower_bound":22166.722856462,"upper_bound":40099.140188097954},"point_estimate":33689.860501885414,"standard_error":4757.1692918563285},"slope":null,"std_dev":{"confidence_interval":{"confidence_level":0.95,"lower_bound":26904.498478020603,"upper_bound":34865.6778807735},"point_estimate":31102.508426030745,"standard_error":2024.3230846906736}}