{"mean":{"confidence_interval":{"confidence_level":0.95,"lower_bound":21064633.094000004,"upper_bound":21083356.980555557},"point_estimate":21075398.959063493,"standard_error":4864.744303034337},"median":{"confidence_interval":{"confidence_level":0.95,"lower_bound":21071909.07142857,"upper_bound":21084031.5},"point_estimate":21078787.36,"standard_error":3279.7420288988133},"median_abs_dev":{"confidence_interval":{"confidence_level":0.95,"lower_bound":2545.6776931408517,"upper_bound":18369.29294788098},"point_estimate":8409.82596069519,"standard_error":3942.372309749638},"slope":{"confidence_interval":{"confidence_level":0.95,"lower_bound":21071505.819821425,"upper_bound":21081644.79674267},"point_estimate":21076021.494545456,"standard_error":2658.6574012847123},"std_dev":{"confidence_interval":{"confidence_level":0.95,"lower_bound":4629.8317974915535,"upper_bound":23617.81045137404},"point_estimate":16190.324147468384,"standard_error":5810.340936793158}}