{"mean":{"confidence_interval":{"confidence_level":0.95,"lower_bound":728364010.0,"upper_bound":728566005.9},"point_estimate":728469274.1,"standard_error":51558.64357098751},"median":{"confidence_interval":{"confidence_level":0.95,"lower_bound":728357661.5,"upper_bound":728541650.0},"point_estimate":728491863.0,"standard_error":41589.61203966785},"median_abs_dev":{"confidence_interval":{"confidence_level":0.95,"lower_bound":21980.28590977192,"upper_bound":296268.69404017925},"point_estimate":74312.35848069191,"standard_error":72284.40037779565},"slope":null,"std_dev":{"confidence_interval":{"confidence_level":0.95,"lower_bound":54885.531907072036,"upper_bound":230350.11589835313},"point_estimate":169905.010455483,"standard_error":41494.50294479004}}