{"mean":{"confidence_interval":{"confidence_level":0.95,"lower_bound":856589419.44,"upper_bound":3434475613.11},"point_estimate":2144827831.3,"standard_error":665783504.3394309},"median":{"confidence_interval":{"confidence_level":0.95,"lower_bound":416813805.0,"upper_bound":4724833715.0},"point_estimate":447831176.0,"standard_error":1636096014.9322305},"median_abs_dev":{"confidence_interval":{"confidence_level":0.95,"lower_bound":3096756.9734215736,"upper_bound":3193503589.1826777},"point_estimate":52698482.32841492,"standard_error":1256595600.399094},"slope":null,"std_dev":{"confidence_interval":{"confidence_level":0.95,"lower_bound":1358061628.0699537,"upper_bound":2267629907.2000375},"point_estimate":2216471738.874486,"standard_error":269652454.6362378}}