{"mean":{"confidence_interval":{"confidence_level":0.95,"lower_bound":41982423.455,"upper_bound":41993619.349249996},"point_estimate":41987958.49,"standard_error":2854.3448479863164},"median":{"confidence_interval":{"confidence_level":0.95,"lower_bound":41980201.0,"upper_bound":41992931.5},"point_estimate":41985812.5,"standard_error":3214.6263885319645},"median_abs_dev":{"confidence_interval":{"confidence_level":0.95,"lower_bound":21000.65797716379,"upper_bound":34258.80824178457},"point_estimate":28663.846591114998,"standard_error":3427.385741793391},"slope":null,"std_dev":{"confidence_interval":{"confidence_level":0.95,"lower_bound":23399.613908547526,"upper_bound":33716.483889306335},"point_estimate":28682.910857644416,"standard_error":2633.512152909129}}