{"mean":{"confidence_interval":{"confidence_level":0.95,"lower_bound":39249263053.22,"upper_bound":97385028277.05},"point_estimate":68493091931.6,"standard_error":14880396836.936825},"median":{"confidence_interval":{"confidence_level":0.95,"lower_bound":11096366698.0,"upper_bound":109965319620.0},"point_estimate":102065313797.5,"standard_error":34990921222.99338},"median_abs_dev":{"confidence_interval":{"confidence_level":0.95,"lower_bound":397499699.54836965,"upper_bound":73316631651.7614},"point_estimate":12183922166.672043,"standard_error":25871511217.33956},"slope":null,"std_dev":{"confidence_interval":{"confidence_level":0.95,"lower_bound":30688833777.889507,"upper_bound":51958047710.669945},"point_estimate":49712669763.885605,"standard_error":5817174373.073744}}