{"mean":{"confidence_interval":{"confidence_level":0.95,"lower_bound":62316512.93,"upper_bound":62337913.04575},"point_estimate":62326899.75,"standard_error":5459.348249508368},"median":{"confidence_interval":{"confidence_level":0.95,"lower_bound":62312748.0,"upper_bound":62331178.0},"point_estimate":62322382.5,"standard_error":4092.9491420611203},"median_abs_dev":{"confidence_interval":{"confidence_level":0.95,"lower_bound":32432.61572420597,"upper_bound":59100.88275074959},"point_estimate":44815.290704369545,"standard_error":6760.4747108417905},"slope":null,"std_dev":{"confidence_interval":{"confidence_level":0.95,"lower_bound":44710.15439849173,"upper_bound":66008.98188858219},"point_estimate":55212.54584598916,"standard_error":5557.703135177879}}