{"mean":{"confidence_interval":{"confidence_level":0.95,"lower_bound":10540091262.885002,"upper_bound":58407185257.075},"point_estimate":30041062865.5,"standard_error":12093920534.170557},"median":{"confidence_interval":{"confidence_level":0.95,"lower_bound":10059747574.0,"upper_bound":59375767348.0},"point_estimate":11331724268.5,"standard_error":10687947625.700579},"median_abs_dev":{"confidence_interval":{"confidence_level":0.95,"lower_bound":351123408.9837134,"upper_bound":68483835099.20569},"point_estimate":2646136211.2633915,"standard_error":10876714949.699911},"slope":null,"std_dev":{"confidence_interval":{"confidence_level":0.95,"lower_bound":1591002559.7762976,"upper_bound":49927545681.59587},"point_estimate":40218420710.49544,"standard_error":13449586192.766718}}