{"mean":{"confidence_interval":{"confidence_level":0.95,"lower_bound":835530113.1,"upper_bound":1857468066.0674994},"point_estimate":1354425562.5,"standard_error":259730459.75461254},"median":{"confidence_interval":{"confidence_level":0.95,"lower_bound":357309713.5,"upper_bound":2053585239.5},"point_estimate":1921861836.5,"standard_error":592233835.3239863},"median_abs_dev":{"confidence_interval":{"confidence_level":0.95,"lower_bound":54503713.106265664,"upper_bound":1321387272.7752864},"point_estimate":291050579.6508193,"standard_error":427274765.43355614},"slope":null,"std_dev":{"confidence_interval":{"confidence_level":0.95,"lower_bound":518811185.5159495,"upper_bound":922792264.818114},"point_estimate":867946810.0718358,"standard_error":102188504.99324456}}