{"mean":{"confidence_interval":{"confidence_level":0.95,"lower_bound":5099353.084675001,"upper_bound":5100317.953000003},"point_estimate":5099819.369,"standard_error":248.22195577230903},"median":{"confidence_interval":{"confidence_level":0.95,"lower_bound":5099386.7,"upper_bound":5100484.8},"point_estimate":5099829.55,"standard_error":279.4478850308421},"median_abs_dev":{"confidence_interval":{"confidence_level":0.95,"lower_bound":1807.3634979126075,"upper_bound":3033.547806143208},"point_estimate":2365.4141280050903,"standard_error":320.86726608123774},"slope":null,"std_dev":{"confidence_interval":{"confidence_level":0.95,"lower_bound":2014.0638529852222,"upper_bound":3011.464693702069},"point_estimate":2489.633736223951,"standard_error":257.5208580046388}}