{"mean":{"confidence_interval":{"confidence_level":0.95,"lower_bound":832095714.6,"upper_bound":832351532.6},"point_estimate":832233866.3,"standard_error":65979.49365916457},"median":{"confidence_interval":{"confidence_level":0.95,"lower_bound":832093112.0,"upper_bound":832345211.5},"point_estimate":832296291.5,"standard_error":52010.65291139439},"median_abs_dev":{"confidence_interval":{"confidence_level":0.95,"lower_bound":18404.996073246002,"upper_bound":355357.7159911394},"point_estimate":92827.06695199013,"standard_error":84973.97404953056},"slope":null,"std_dev":{"confidence_interval":{"confidence_level":0.95,"lower_bound":55138.491024369214,"upper_bound":293962.5775562776},"point_estimate":218602.7206804618,"standard_error":58384.60700948494}}