{"mean":{"confidence_interval":{"confidence_level":0.95,"lower_bound":567537366.8,"upper_bound":567776846.665},"point_estimate":567651851.1,"standard_error":61922.8116527147},"median":{"confidence_interval":{"confidence_level":0.95,"lower_bound":567494903.0,"upper_bound":567845771.0},"point_estimate":567580189.5,"standard_error":82066.69445185416},"median_abs_dev":{"confidence_interval":{"confidence_level":0.95,"lower_bound":13347.106263041496,"upper_bound":319105.9227347374},"point_estimate":198731.40697181225,"standard_error":89726.43046056789},"slope":null,"std_dev":{"confidence_interval":{"confidence_level":0.95,"lower_bound":106326.00878059476,"upper_bound":262886.5998010253},"point_estimate":207488.58007688573,"standard_error":41194.108928959526}}