{"mean":{"confidence_interval":{"confidence_level":0.95,"lower_bound":19446250.90876984,"upper_bound":19486208.951166667},"point_estimate":19463956.746325396,"standard_error":10360.35685423876},"median":{"confidence_interval":{"confidence_level":0.95,"lower_bound":19441471.682222225,"upper_bound":19481026.9},"point_estimate":19452328.19107143,"standard_error":9994.74864275272},"median_abs_dev":{"confidence_interval":{"confidence_level":0.95,"lower_bound":3693.4361104260975,"upper_bound":48247.129109446134},"point_estimate":21393.884673515156,"standard_error":11324.677928273455},"slope":{"confidence_interval":{"confidence_level":0.95,"lower_bound":19442415.283246074,"upper_bound":19457226.349},"point_estimate":19448500.46025974,"standard_error":3755.8537230448137},"std_dev":{"confidence_interval":{"confidence_level":0.95,"lower_bound":11730.953811938918,"upper_bound":47716.019853293314},"point_estimate":34379.5053053624,"standard_error":10113.278073404426}}