{"mean":{"confidence_interval":{"confidence_level":0.95,"lower_bound":23969996658.9,"upper_bound":41858716668.77999},"point_estimate":33091355738.0,"standard_error":4598527696.716722},"median":{"confidence_interval":{"confidence_level":0.95,"lower_bound":17407094102.0,"upper_bound":44367817024.5},"point_estimate":39892083469.0,"standard_error":8923887506.395988},"median_abs_dev":{"confidence_interval":{"confidence_level":0.95,"lower_bound":1837915239.867282,"upper_bound":23399368654.137165},"point_estimate":14916249850.021729,"standard_error":6465067265.394285},"slope":null,"std_dev":{"confidence_interval":{"confidence_level":0.95,"lower_bound":9732438422.569218,"upper_bound":17882473792.3235},"point_estimate":15345980281.849573,"standard_error":2069451809.7284124}}