{"mean":{"confidence_interval":{"confidence_level":0.95,"lower_bound":49595181.19293651,"upper_bound":68717076.1509127},"point_estimate":58661100.06966269,"standard_error":4900669.883624727},"median":{"confidence_interval":{"confidence_level":0.95,"lower_bound":44947772.71428572,"upper_bound":72116634.61458333},"point_estimate":55321327.152777776,"standard_error":5810780.996448907},"median_abs_dev":{"confidence_interval":{"confidence_level":0.95,"lower_bound":3446653.997192993,"upper_bound":30040713.073829055},"point_estimate":13321182.195308406,"standard_error":6798084.702107633},"slope":{"confidence_interval":{"confidence_level":0.95,"lower_bound":54525551.45320197,"upper_bound":71391622.66027205},"point_estimate":62900887.95064935,"standard_error":4265135.882348036},"std_dev":{"confidence_interval":{"confidence_level":0.95,"lower_bound":8068192.616581087,"upper_bound":20596013.82875025},"point_estimate":16294291.910839843,"standard_error":3192485.6993537317}}