{"mean":{"confidence_interval":{"confidence_level":0.95,"lower_bound":20417075220.995003,"upper_bound":38756950027.4},"point_estimate":29581991616.9,"standard_error":4686824273.688903},"median":{"confidence_interval":{"confidence_level":0.95,"lower_bound":13904898316.0,"upper_bound":43939790748.0},"point_estimate":27626215544.0,"standard_error":10052255423.045565},"median_abs_dev":{"confidence_interval":{"confidence_level":0.95,"lower_bound":1478731218.744573,"upper_bound":24765182935.061913},"point_estimate":21871379149.1324,"standard_error":6747101847.748264},"slope":null,"std_dev":{"confidence_interval":{"confidence_level":0.95,"lower_bound":10809153049.813478,"upper_bound":18005647017.802612},"point_estimate":15775445357.160448,"standard_error":1856129631.7744052}}