{"mean":{"confidence_interval":{"confidence_level":0.95,"lower_bound":1015375774.5,"upper_bound":1017639588.4},"point_estimate":1016508175.2,"standard_error":581141.958488864},"median":{"confidence_interval":{"confidence_level":0.95,"lower_bound":1014628420.0,"upper_bound":1018218129.5},"point_estimate":1016663767.5,"standard_error":1358830.4740482022},"median_abs_dev":{"confidence_interval":{"confidence_level":0.95,"lower_bound":108170.49407958984,"upper_bound":2951191.6015058756},"point_estimate":2577036.741748452,"standard_error":868371.3451844015},"slope":null,"std_dev":{"confidence_interval":{"confidence_level":0.95,"lower_bound":1394136.5085410834,"upper_bound":2154751.964140336},"point_estimate":1954077.005345934,"standard_error":198259.26094525572}}