{"mean":{"confidence_interval":{"confidence_level":0.95,"lower_bound":674866457.7,"upper_bound":870830810.4499999},"point_estimate":774053247.9,"standard_error":50264117.71220236},"median":{"confidence_interval":{"confidence_level":0.95,"lower_bound":668193652.0,"upper_bound":952558947.0},"point_estimate":750261828.0,"standard_error":76374919.27468695},"median_abs_dev":{"confidence_interval":{"confidence_level":0.95,"lower_bound":21244462.647235394,"upper_bound":318780752.9781103},"point_estimate":141059494.10589337,"standard_error":74153749.38139611},"slope":null,"std_dev":{"confidence_interval":{"confidence_level":0.95,"lower_bound":98719472.80451164,"upper_bound":213154138.00162837},"point_estimate":168113564.86581346,"standard_error":30302376.960123032}}