{"mean":{"confidence_interval":{"confidence_level":0.95,"lower_bound":63644654.31950001,"upper_bound":63665485.43325},"point_estimate":63654912.77,"standard_error":5315.3238081081345},"median":{"confidence_interval":{"confidence_level":0.95,"lower_bound":63637983.0,"upper_bound":63665098.5},"point_estimate":63652632.0,"standard_error":7044.382957054678},"median_abs_dev":{"confidence_interval":{"confidence_level":0.95,"lower_bound":42311.92064881325,"upper_bound":70516.16124808788},"point_estimate":53957.74344205856,"standard_error":7198.838468122249},"slope":null,"std_dev":{"confidence_interval":{"confidence_level":0.95,"lower_bound":44884.482041689334,"upper_bound":59465.90093021396},"point_estimate":52753.31874951548,"standard_error":3698.8762471984487}}