{"mean":{"confidence_interval":{"confidence_level":0.95,"lower_bound":115754636.3,"upper_bound":1537107959.4},"point_estimate":822165380.4,"standard_error":342912264.74517894},"median":{"confidence_interval":{"confidence_level":0.95,"lower_bound":91122259.0,"upper_bound":2486545137.0},"point_estimate":121863816.0,"standard_error":593244171.0601659},"median_abs_dev":{"confidence_interval":{"confidence_level":0.95,"lower_bound":1210316.040712595,"upper_bound":1748435137.9080713},"point_estimate":46524646.18972242,"standard_error":510923465.0697951},"slope":null,"std_dev":{"confidence_interval":{"confidence_level":0.95,"lower_bound":20536447.592252035,"upper_bound":1256982652.5105264},"point_estimate":1149451705.8585162,"standard_error":233785282.64994848}}