{"mean":{"confidence_interval":{"confidence_level":0.95,"lower_bound":19989801.154782146,"upper_bound":19995352.49086667},"point_estimate":19992716.9454127,"standard_error":1429.5274580049409},"median":{"confidence_interval":{"confidence_level":0.95,"lower_bound":19987945.07777778,"upper_bound":19996333.310000002},"point_estimate":19995056.1,"standard_error":2248.1220211672535},"median_abs_dev":{"confidence_interval":{"confidence_level":0.95,"lower_bound":226.37818998297206,"upper_bound":7516.612426552507},"point_estimate":4071.590177712063,"standard_error":2144.5021249586093},"slope":{"confidence_interval":{"confidence_level":0.95,"lower_bound":19988813.95961165,"upper_bound":19995759.9321536},"point_estimate":19992620.555324674,"standard_error":1864.8530676264168},"std_dev":{"confidence_interval":{"confidence_level":0.95,"lower_bound":2475.193038055763,"upper_bound":5718.831601958893},"point_estimate":4749.692440879113,"standard_error":805.5974130725316}}