{"mean":{"confidence_interval":{"confidence_level":0.95,"lower_bound":4808912.658181817,"upper_bound":4809793.476499997},"point_estimate":4809344.79090909,"standard_error":226.48533387815445},"median":{"confidence_interval":{"confidence_level":0.95,"lower_bound":4808823.5,"upper_bound":4809627.392045455},"point_estimate":4809250.590909091,"standard_error":206.73910772460442},"median_abs_dev":{"confidence_interval":{"confidence_level":0.95,"lower_bound":1467.504410310476,"upper_bound":2569.2783634771627},"point_estimate":1925.7625839928235,"standard_error":280.373245130943},"slope":null,"std_dev":{"confidence_interval":{"confidence_level":0.95,"lower_bound":1905.1860832203186,"upper_bound":2660.07178089967},"point_estimate":2285.5766058745016,"standard_error":191.32512045183495}}