{"mean":{"confidence_interval":{"confidence_level":0.95,"lower_bound":38290009752.1,"upper_bound":98484148146.4},"point_estimate":68577309361.5,"standard_error":15517138723.061857},"median":{"confidence_interval":{"confidence_level":0.95,"lower_bound":9062541599.0,"upper_bound":109385365540.0},"point_estimate":105827067959.0,"standard_error":36807471837.76813},"median_abs_dev":{"confidence_interval":{"confidence_level":0.95,"lower_bound":697662427.593416,"upper_bound":75179770287.88567},"point_estimate":6100420919.247079,"standard_error":27946209312.561596},"slope":null,"std_dev":{"confidence_interval":{"confidence_level":0.95,"lower_bound":31557856795.514816,"upper_bound":53239013388.82014},"point_estimate":51313115648.86461,"standard_error":6250305943.100281}}