{"mean":{"confidence_interval":{"confidence_level":0.95,"lower_bound":17016300930.5,"upper_bound":17029182329.4},"point_estimate":17022850071.1,"standard_error":3306257.303994357},"median":{"confidence_interval":{"confidence_level":0.95,"lower_bound":17015644763.0,"upper_bound":17032103774.0},"point_estimate":17022080242.5,"standard_error":4839643.253598089},"median_abs_dev":{"confidence_interval":{"confidence_level":0.95,"lower_bound":2660119.42037344,"upper_bound":19872640.31969011},"point_estimate":11661754.812562466,"standard_error":4155470.2754939524},"slope":null,"std_dev":{"confidence_interval":{"confidence_level":0.95,"lower_bound":6366534.945351727,"upper_bound":14101346.731984979},"point_estimate":10991504.219881456,"standard_error":2040279.3860255058}}