{"mean":{"confidence_interval":{"confidence_level":0.95,"lower_bound":19703340.1611,"upper_bound":19711298.561929762},"point_estimate":19707236.83304762,"standard_error":2030.5761088373715},"median":{"confidence_interval":{"confidence_level":0.95,"lower_bound":19701148.85,"upper_bound":19711403.8},"point_estimate":19707632.233333334,"standard_error":2575.2812514029124},"median_abs_dev":{"confidence_interval":{"confidence_level":0.95,"lower_bound":256.4897954463959,"upper_bound":12309.931212455807},"point_estimate":5643.2598158114115,"standard_error":2772.124485429733},"slope":{"confidence_interval":{"confidence_level":0.95,"lower_bound":19702335.100474752,"upper_bound":19713136.19379845},"point_estimate":19707626.15012987,"standard_error":2727.127828920151},"std_dev":{"confidence_interval":{"confidence_level":0.95,"lower_bound":3409.1986295324664,"upper_bound":9137.011952684432},"point_estimate":6810.558702362515,"standard_error":1490.07924380703}}