{"mean":{"confidence_interval":{"confidence_level":0.95,"lower_bound":743512140.3875,"upper_bound":743792140.6},"point_estimate":743646872.5,"standard_error":71843.31979117727},"median":{"confidence_interval":{"confidence_level":0.95,"lower_bound":743448173.0,"upper_bound":743850499.0},"point_estimate":743599153.5,"standard_error":96458.86786804983},"median_abs_dev":{"confidence_interval":{"confidence_level":0.95,"lower_bound":23057.394790649414,"upper_bound":404019.61232721806},"point_estimate":259076.19110047817,"standard_error":92448.323747583},"slope":null,"std_dev":{"confidence_interval":{"confidence_level":0.95,"lower_bound":134869.04252652568,"upper_bound":300206.43767465564},"point_estimate":239241.079490612,"standard_error":42463.09982961353}}