{"mean":{"confidence_interval":{"confidence_level":0.95,"lower_bound":6454398.8860625,"upper_bound":6455598.19375},"point_estimate":6454990.53875,"standard_error":304.9250293048512},"median":{"confidence_interval":{"confidence_level":0.95,"lower_bound":6454071.125,"upper_bound":6455112.25},"point_estimate":6454575.0,"standard_error":239.1797718609288},"median_abs_dev":{"confidence_interval":{"confidence_level":0.95,"lower_bound":1648.2712544873366,"upper_bound":3030.063696205616},"point_estimate":2392.7310325205326,"standard_error":355.36008320751375},"slope":null,"std_dev":{"confidence_interval":{"confidence_level":0.95,"lower_bound":2330.667875264871,"upper_bound":3717.782054603296},"point_estimate":3045.6874699090176,"standard_error":353.9898802459061}}