{"mean":{"confidence_interval":{"confidence_level":0.95,"lower_bound":6463731.7225,"upper_bound":6465444.24753125},"point_estimate":6464589.97,"standard_error":432.2583156785615},"median":{"confidence_interval":{"confidence_level":0.95,"lower_bound":6462958.875,"upper_bound":6466773.25},"point_estimate":6465652.0,"standard_error":878.0890413750367},"median_abs_dev":{"confidence_interval":{"confidence_level":0.95,"lower_bound":2956.7676600068808,"upper_bound":6021.023818105459},"point_estimate":4579.751318693161,"standard_error":682.0020515481755},"slope":null,"std_dev":{"confidence_interval":{"confidence_level":0.95,"lower_bound":3829.0748168131327,"upper_bound":4905.189707765304},"point_estimate":4379.873091506421,"standard_error":274.68492969933317}}