{"mean":{"confidence_interval":{"confidence_level":0.95,"lower_bound":509931060.7625,"upper_bound":581688689.1},"point_estimate":537202507.15,"standard_error":21124025.12189251},"median":{"confidence_interval":{"confidence_level":0.95,"lower_bound":509822032.5,"upper_bound":535123542.75},"point_estimate":510048125.0,"standard_error":7586959.650316692},"median_abs_dev":{"confidence_interval":{"confidence_level":0.95,"lower_bound":21592.956666648388,"upper_bound":37213976.176419854},"point_estimate":363061.6761043668,"standard_error":9563834.273698656},"slope":null,"std_dev":{"confidence_interval":{"confidence_level":0.95,"lower_bound":167616.43539414287,"upper_bound":107232427.28823933},"point_estimate":70229467.37972274,"standard_error":34402847.20727744}}