{"mean":{"confidence_interval":{"confidence_level":0.95,"lower_bound":27490327747.4,"upper_bound":27529529001.2},"point_estimate":27507399704.4,"standard_error":10266157.212606715},"median":{"confidence_interval":{"confidence_level":0.95,"lower_bound":27485401909.0,"upper_bound":27521420475.0},"point_estimate":27498157385.0,"standard_error":8718873.473045355},"median_abs_dev":{"confidence_interval":{"confidence_level":0.95,"lower_bound":4191831.2594801188,"upper_bound":42133743.26657653},"point_estimate":22834287.216210365,"standard_error":10404728.158166138},"slope":null,"std_dev":{"confidence_interval":{"confidence_level":0.95,"lower_bound":10679964.263748301,"upper_bound":48869323.0468963},"point_estimate":34147701.28334644,"standard_error":11077784.228701781}}