{"mean":{"confidence_interval":{"confidence_level":0.95,"lower_bound":59177779.396,"upper_bound":59194410.52275},"point_estimate":59186046.67,"standard_error":4239.4952159631375},"median":{"confidence_interval":{"confidence_level":0.95,"lower_bound":59173002.5,"upper_bound":59196515.0},"point_estimate":59182355.5,"standard_error":6418.726121376789},"median_abs_dev":{"confidence_interval":{"confidence_level":0.95,"lower_bound":31986.353132128716,"upper_bound":52297.97277152538},"point_estimate":42159.21285152435,"standard_error":5282.500213033841},"slope":null,"std_dev":{"confidence_interval":{"confidence_level":0.95,"lower_bound":36352.11548286692,"upper_bound":48158.28537942837},"point_estimate":42513.35167292456,"standard_error":3050.944095706356}}