{"mean":{"confidence_interval":{"confidence_level":0.95,"lower_bound":2459039.2393571422,"upper_bound":2459764.3592619044},"point_estimate":2459390.0042857146,"standard_error":185.04214157527397},"median":{"confidence_interval":{"confidence_level":0.95,"lower_bound":2458447.238095238,"upper_bound":2459376.7857142854},"point_estimate":2458832.404761905,"standard_error":225.18837407330727},"median_abs_dev":{"confidence_interval":{"confidence_level":0.95,"lower_bound":1035.878481609908,"upper_bound":1905.4586661713956},"point_estimate":1429.8970746143182,"standard_error":212.89694523198153},"slope":null,"std_dev":{"confidence_interval":{"confidence_level":0.95,"lower_bound":1544.9366029933387,"upper_bound":2144.5725535787874},"point_estimate":1865.2870031984878,"standard_error":153.57127623074024}}