{"mean":{"confidence_interval":{"confidence_level":0.95,"lower_bound":970115124.0,"upper_bound":1942924262.5724993},"point_estimate":1477897477.9,"standard_error":243593107.40038532},"median":{"confidence_interval":{"confidence_level":0.95,"lower_bound":332435868.0,"upper_bound":2015069579.0},"point_estimate":1917370755.0,"standard_error":403300251.79663086},"median_abs_dev":{"confidence_interval":{"confidence_level":0.95,"lower_bound":35817388.49891424,"upper_bound":1209564684.2501342},"point_estimate":185871144.28602755,"standard_error":322229208.62395483},"slope":null,"std_dev":{"confidence_interval":{"confidence_level":0.95,"lower_bound":121731187.68000682,"upper_bound":909176686.3567196},"point_estimate":811826102.1551061,"standard_error":156498510.6283849}}