{"mean":{"confidence_interval":{"confidence_level":0.95,"lower_bound":42969030.21325,"upper_bound":42980734.683375},"point_estimate":42974820.045,"standard_error":3001.8018434653054},"median":{"confidence_interval":{"confidence_level":0.95,"lower_bound":42966096.25,"upper_bound":42978323.5},"point_estimate":42970598.25,"standard_error":3064.7077034939616},"median_abs_dev":{"confidence_interval":{"confidence_level":0.95,"lower_bound":19196.70445919037,"upper_bound":31449.8002016544},"point_estimate":24274.609369039536,"standard_error":3141.0533934420014},"slope":null,"std_dev":{"confidence_interval":{"confidence_level":0.95,"lower_bound":24804.361049788866,"upper_bound":35043.79524260076},"point_estimate":30146.58173162407,"standard_error":2602.4594745633535}}