{"mean":{"confidence_interval":{"confidence_level":0.95,"lower_bound":1274755315.8,"upper_bound":3815105645.3},"point_estimate":2544624939.8,"standard_error":665996786.1238457},"median":{"confidence_interval":{"confidence_level":0.95,"lower_bound":425145640.0,"upper_bound":4667410258.0},"point_estimate":2537350440.5,"standard_error":1825588372.1285894},"median_abs_dev":{"confidence_interval":{"confidence_level":0.95,"lower_bound":5888476.415258646,"upper_bound":3144836986.332983},"point_estimate":3133459810.6549683,"standard_error":1334455966.01443},"slope":null,"std_dev":{"confidence_interval":{"confidence_level":0.95,"lower_bound":1773127064.2990253,"upper_bound":2234049628.375823},"point_estimate":2227748325.2140265,"standard_error":189939631.51904216}}