{"mean":{"confidence_interval":{"confidence_level":0.95,"lower_bound":300036.0683990128,"upper_bound":302846.31758128805},"point_estimate":301477.3961450199,"standard_error":716.036258547978},"median":{"confidence_interval":{"confidence_level":0.95,"lower_bound":300889.69623655913,"upper_bound":303367.98327664396},"point_estimate":301833.8007575758,"standard_error":675.3199268651691},"median_abs_dev":{"confidence_interval":{"confidence_level":0.95,"lower_bound":4063.319511001195,"upper_bound":7394.446960909832},"point_estimate":6274.462514055369,"standard_error":825.6987621482684},"slope":{"confidence_interval":{"confidence_level":0.95,"lower_bound":301289.0661551263,"upper_bound":303354.03634669416},"point_estimate":302350.6672240284,"standard_error":530.5621050170136},"std_dev":{"confidence_interval":{"confidence_level":0.95,"lower_bound":5546.041076622522,"upper_bound":8925.802775226732},"point_estimate":7241.743338937845,"standard_error":874.6206086561946}}