{"mean":{"confidence_interval":{"confidence_level":0.95,"lower_bound":18676809.15456349,"upper_bound":18687497.115811113},"point_estimate":18682214.51484921,"standard_error":2739.626799459741},"median":{"confidence_interval":{"confidence_level":0.95,"lower_bound":18673329.433333334,"upper_bound":18689957.122222222},"point_estimate":18684039.3425,"standard_error":4672.5958861794525},"median_abs_dev":{"confidence_interval":{"confidence_level":0.95,"lower_bound":1787.537841599052,"upper_bound":15276.376543787892},"point_estimate":10413.263305128174,"standard_error":3422.072582459174},"slope":{"confidence_interval":{"confidence_level":0.95,"lower_bound":18676785.080012713,"upper_bound":18686893.90511607},"point_estimate":18682624.928311687,"standard_error":2580.6642115174564},"std_dev":{"confidence_interval":{"confidence_level":0.95,"lower_bound":5681.538075722501,"upper_bound":10841.987139920964},"point_estimate":9165.642663880673,"standard_error":1313.6937820120982}}