{"mean":{"confidence_interval":{"confidence_level":0.95,"lower_bound":191871.0160525082,"upper_bound":191900.3122679325},"point_estimate":191884.90306769474,"standard_error":7.573589995097683},"median":{"confidence_interval":{"confidence_level":0.95,"lower_bound":191866.03609939053,"upper_bound":191904.74419831223},"point_estimate":191878.98575949366,"standard_error":10.690461353819835},"median_abs_dev":{"confidence_interval":{"confidence_level":0.95,"lower_bound":3.0259695665349513,"upper_bound":42.35505923401474},"point_estimate":20.359380141361033,"standard_error":11.193528546832093},"slope":{"confidence_interval":{"confidence_level":0.95,"lower_bound":191867.75653378677,"upper_bound":191904.78387122048},"point_estimate":191885.1068825689,"standard_error":9.658366093396245},"std_dev":{"confidence_interval":{"confidence_level":0.95,"lower_bound":11.978058671560381,"upper_bound":31.77292255766241},"point_estimate":25.41963671011448,"standard_error":5.088869175747622}}