{"mean":{"confidence_interval":{"confidence_level":0.95,"lower_bound":623665157.8525001,"upper_bound":738409954.5},"point_estimate":678935801.3,"standard_error":29366675.02967705},"median":{"confidence_interval":{"confidence_level":0.95,"lower_bound":594687509.0,"upper_bound":788940533.0},"point_estimate":650258757.0,"standard_error":44363207.112720296},"median_abs_dev":{"confidence_interval":{"confidence_level":0.95,"lower_bound":21706230.26983738,"upper_bound":154973823.84506464},"point_estimate":87133888.98346424,"standard_error":36399649.12466643},"slope":null,"std_dev":{"confidence_interval":{"confidence_level":0.95,"lower_bound":42718651.0543037,"upper_bound":116869856.63880342},"point_estimate":97957183.82672472,"standard_error":16700528.815228429}}