{"mean":{"confidence_interval":{"confidence_level":0.95,"lower_bound":5094153.813,"upper_bound":5095711.249575003},"point_estimate":5094897.928,"standard_error":397.7235163822507},"median":{"confidence_interval":{"confidence_level":0.95,"lower_bound":5093425.2,"upper_bound":5094565.7},"point_estimate":5093876.800000001,"standard_error":291.10298239638706},"median_abs_dev":{"confidence_interval":{"confidence_level":0.95,"lower_bound":1754.4346788526962,"upper_bound":3192.3342633243233},"point_estimate":2281.276579500211,"standard_error":343.6831861324076},"slope":null,"std_dev":{"confidence_interval":{"confidence_level":0.95,"lower_bound":3030.504746555969,"upper_bound":4860.835828994799},"point_estimate":4005.203153048274,"standard_error":466.9230297339458}}