{"mean":{"confidence_interval":{"confidence_level":0.95,"lower_bound":28535034571.3,"upper_bound":28561554419.5},"point_estimate":28548407007.8,"standard_error":6755688.541335912},"median":{"confidence_interval":{"confidence_level":0.95,"lower_bound":28522192416.0,"upper_bound":28569312010.0},"point_estimate":28549006428.5,"standard_error":12076932.914087676},"median_abs_dev":{"confidence_interval":{"confidence_level":0.95,"lower_bound":3157854.1770368814,"upper_bound":37782602.192124724},"point_estimate":33600527.923071384,"standard_error":8978035.070852531},"slope":null,"std_dev":{"confidence_interval":{"confidence_level":0.95,"lower_bound":14233105.932819787,"upper_bound":26307152.583988708},"point_estimate":22562304.641584538,"standard_error":3048525.069175485}}