{"mean":{"confidence_interval":{"confidence_level":0.95,"lower_bound":39777735.243375,"upper_bound":39801090.565},"point_estimate":39788689.085,"standard_error":5943.518904105939},"median":{"confidence_interval":{"confidence_level":0.95,"lower_bound":39772859.5,"upper_bound":39785146.0},"point_estimate":39779431.0,"standard_error":3267.1870493788383},"median_abs_dev":{"confidence_interval":{"confidence_level":0.95,"lower_bound":29824.722370505333,"upper_bound":52246.08177244663},"point_estimate":42733.720341324806,"standard_error":5490.794321781988},"slope":null,"std_dev":{"confidence_interval":{"confidence_level":0.95,"lower_bound":38577.330567374935,"upper_bound":79169.73962056132},"point_estimate":59879.66309296121,"standard_error":10424.772362991482}}