{"mean":{"confidence_interval":{"confidence_level":0.95,"lower_bound":5110997.394999999,"upper_bound":5112037.222000001},"point_estimate":5111498.697,"standard_error":268.7654918788767},"median":{"confidence_interval":{"confidence_level":0.95,"lower_bound":5110621.5,"upper_bound":5111731.949999999},"point_estimate":5111160.7,"standard_error":258.31557382965616},"median_abs_dev":{"confidence_interval":{"confidence_level":0.95,"lower_bound":1740.127589106836,"upper_bound":2778.61474067028},"point_estimate":2067.485663294792,"standard_error":273.2493312643321},"slope":null,"std_dev":{"confidence_interval":{"confidence_level":0.95,"lower_bound":2031.9914301425345,"upper_bound":3456.2826240385934},"point_estimate":2716.3413887234,"standard_error":386.3034093527678}}