{"mean":{"confidence_interval":{"confidence_level":0.95,"lower_bound":52517625.13492064,"upper_bound":58525313.34669543},"point_estimate":55376284.90061508,"standard_error":1540300.6409840817},"median":{"confidence_interval":{"confidence_level":0.95,"lower_bound":51888479.40625,"upper_bound":59575239.23571429},"point_estimate":53283920.527777776,"standard_error":2186970.8484480446},"median_abs_dev":{"confidence_interval":{"confidence_level":0.95,"lower_bound":547613.0078758467,"upper_bound":8202870.590202435},"point_estimate":4179621.082359395,"standard_error":2187038.2630188297},"slope":{"confidence_interval":{"confidence_level":0.95,"lower_bound":52654414.477973565,"upper_bound":58004793.41871953},"point_estimate":55389645.385714285,"standard_error":1371400.1798514014},"std_dev":{"confidence_interval":{"confidence_level":0.95,"lower_bound":2556151.5345507446,"upper_bound":6393568.997435167},"point_estimate":5141560.789047051,"standard_error":955381.2567648418}}