{"mean":{"confidence_interval":{"confidence_level":0.95,"lower_bound":30775025323.0,"upper_bound":88092484572.5},"point_estimate":59417662706.1,"standard_error":14992593182.405504},"median":{"confidence_interval":{"confidence_level":0.95,"lower_bound":11957086251.0,"upper_bound":108394303958.0},"point_estimate":58851298560.5,"standard_error":39435718376.24634},"median_abs_dev":{"confidence_interval":{"confidence_level":0.95,"lower_bound":1025109165.7078743,"upper_bound":71777004115.76755},"point_estimate":69850761350.1258,"standard_error":27610297238.26921},"slope":null,"std_dev":{"confidence_interval":{"confidence_level":0.95,"lower_bound":38018843479.27088,"upper_bound":50753519081.26437},"point_estimate":49733883444.717285,"standard_error":4416386258.096667}}