{"mean":{"confidence_interval":{"confidence_level":0.95,"lower_bound":552984650.6325,"upper_bound":553331499.6},"point_estimate":553139798.1,"standard_error":90088.45500279799},"median":{"confidence_interval":{"confidence_level":0.95,"lower_bound":552872454.0,"upper_bound":553312054.0},"point_estimate":553049420.5,"standard_error":98249.51554615414},"median_abs_dev":{"confidence_interval":{"confidence_level":0.95,"lower_bound":15547.284623980522,"upper_bound":434173.47189188004},"point_estimate":263737.48541772366,"standard_error":108533.25778287688},"slope":null,"std_dev":{"confidence_interval":{"confidence_level":0.95,"lower_bound":119870.39464081381,"upper_bound":405603.67402505444},"point_estimate":299770.8423740634,"standard_error":79484.66229462516}}