{"mean":{"confidence_interval":{"confidence_level":0.95,"lower_bound":2448889.7808571425,"upper_bound":2449318.511571428},"point_estimate":2449102.7847619043,"standard_error":109.2429656076793},"median":{"confidence_interval":{"confidence_level":0.95,"lower_bound":2448894.2857142854,"upper_bound":2449241.380952381},"point_estimate":2449110.5,"standard_error":92.67600267744186},"median_abs_dev":{"confidence_interval":{"confidence_level":0.95,"lower_bound":677.5826054704721,"upper_bound":1270.0939774510944},"point_estimate":944.980983223053,"standard_error":150.23266365146026},"slope":null,"std_dev":{"confidence_interval":{"confidence_level":0.95,"lower_bound":911.3545187228762,"upper_bound":1307.7021669291962},"point_estimate":1110.1669122702579,"standard_error":101.3933623782545}}