{"mean":{"confidence_interval":{"confidence_level":0.95,"lower_bound":674753464.9575,"upper_bound":809875885.7225},"point_estimate":740908592.0,"standard_error":34776173.537224375},"median":{"confidence_interval":{"confidence_level":0.95,"lower_bound":661414303.0,"upper_bound":824547477.0},"point_estimate":732885215.5,"standard_error":44435359.29476152},"median_abs_dev":{"confidence_interval":{"confidence_level":0.95,"lower_bound":19408535.378229618,"upper_bound":197999463.67340684},"point_estimate":113678576.11310184,"standard_error":44350736.100392334},"slope":null,"std_dev":{"confidence_interval":{"confidence_level":0.95,"lower_bound":60935964.080930054,"upper_bound":148023264.4427897},"point_estimate":115492230.07090735,"standard_error":22151149.040665314}}