{"mean":{"confidence_interval":{"confidence_level":0.95,"lower_bound":19178934362.36,"upper_bound":79241870283.65749},"point_estimate":49062947003.6,"standard_error":15448091052.6691},"median":{"confidence_interval":{"confidence_level":0.95,"lower_bound":8686921286.0,"upper_bound":108012253112.0},"point_estimate":11892946820.5,"standard_error":37001849403.923836},"median_abs_dev":{"confidence_interval":{"confidence_level":0.95,"lower_bound":323890507.10059404,"upper_bound":74385423691.64204},"point_estimate":8432349600.963369,"standard_error":27246277401.64497},"slope":null,"std_dev":{"confidence_interval":{"confidence_level":0.95,"lower_bound":31376528649.86731,"upper_bound":53406810155.62382},"point_estimate":51436760206.75743,"standard_error":6060580392.967673}}