{"mean":{"confidence_interval":{"confidence_level":0.95,"lower_bound":17808893.2580625,"upper_bound":17822238.612228177},"point_estimate":17815521.428161375,"standard_error":3398.340265695888},"median":{"confidence_interval":{"confidence_level":0.95,"lower_bound":17805691.833333332,"upper_bound":17824853.550925925},"point_estimate":17815902.520833336,"standard_error":4449.909783954578},"median_abs_dev":{"confidence_interval":{"confidence_level":0.95,"lower_bound":2644.7333155462034,"upper_bound":19842.163967175413},"point_estimate":11626.725493584887,"standard_error":4563.19873870349},"slope":{"confidence_interval":{"confidence_level":0.95,"lower_bound":17814991.12109995,"upper_bound":17828831.023194168},"point_estimate":17823726.323376622,"standard_error":3571.6360689202033},"std_dev":{"confidence_interval":{"confidence_level":0.95,"lower_bound":6454.607491668469,"upper_bound":14143.425778683008},"point_estimate":11290.3692786039,"standard_error":1977.6097400432097}}