{"mean":{"confidence_interval":{"confidence_level":0.95,"lower_bound":40041224.97,"upper_bound":40058909.51},"point_estimate":40050125.965,"standard_error":4472.598296886835},"median":{"confidence_interval":{"confidence_level":0.95,"lower_bound":40034737.75,"upper_bound":40064808.5},"point_estimate":40045961.25,"standard_error":6947.133686323319},"median_abs_dev":{"confidence_interval":{"confidence_level":0.95,"lower_bound":36531.26335144043,"upper_bound":55931.25079952177},"point_estimate":45059.91970002651,"standard_error":4971.298259837972},"slope":null,"std_dev":{"confidence_interval":{"confidence_level":0.95,"lower_bound":38908.32601844219,"upper_bound":50657.97421586108},"point_estimate":45018.57778892679,"standard_error":3005.4794182180685}}