{"mean":{"confidence_interval":{"confidence_level":0.95,"lower_bound":38178467881.76251,"upper_bound":98305323987.4},"point_estimate":68421229409.8,"standard_error":15429297896.202131},"median":{"confidence_interval":{"confidence_level":0.95,"lower_bound":10885664469.0,"upper_bound":109370383378.0},"point_estimate":105580158942.0,"standard_error":36254277553.31413},"median_abs_dev":{"confidence_interval":{"confidence_level":0.95,"lower_bound":837622225.4078329,"upper_bound":75247543224.05446},"point_estimate":7166332901.190358,"standard_error":27208979385.957355},"slope":null,"std_dev":{"confidence_interval":{"confidence_level":0.95,"lower_bound":31019586303.17362,"upper_bound":53724628728.56973},"point_estimate":51372015086.46461,"standard_error":6264985669.047278}}