{"mean":{"confidence_interval":{"confidence_level":0.95,"lower_bound":849703098.4,"upper_bound":3393373209.3},"point_estimate":2120372022.3,"standard_error":654120902.3696015},"median":{"confidence_interval":{"confidence_level":0.95,"lower_bound":408732003.0,"upper_bound":4647507231.0},"point_estimate":461690021.0,"standard_error":1600388327.0692506},"median_abs_dev":{"confidence_interval":{"confidence_level":0.95,"lower_bound":6497113.35645318,"upper_bound":3158185868.009493},"point_estimate":85012669.44932342,"standard_error":1231743170.6706154},"slope":null,"std_dev":{"confidence_interval":{"confidence_level":0.95,"lower_bound":1335400711.1865954,"upper_bound":2240025076.905813},"point_estimate":2185484704.950057,"standard_error":262597945.04813263}}