{"mean":{"confidence_interval":{"confidence_level":0.95,"lower_bound":65473421.13,"upper_bound":65497674.3},"point_estimate":65485208.84,"standard_error":6207.961972713961},"median":{"confidence_interval":{"confidence_level":0.95,"lower_bound":65467501.5,"upper_bound":65487879.0},"point_estimate":65474306.5,"standard_error":5669.829912595194},"median_abs_dev":{"confidence_interval":{"confidence_level":0.95,"lower_bound":45269.70759630203,"upper_bound":73443.22131112208},"point_estimate":60031.95553421974,"standard_error":7191.727303765142},"slope":null,"std_dev":{"confidence_interval":{"confidence_level":0.95,"lower_bound":51782.65927434325,"upper_bound":71958.79128501535},"point_estimate":62350.356093807895,"standard_error":5247.476675295765}}