{"mean":{"confidence_interval":{"confidence_level":0.95,"lower_bound":64403209.7545,"upper_bound":64428265.6},"point_estimate":64415362.8,"standard_error":6355.918911387699},"median":{"confidence_interval":{"confidence_level":0.95,"lower_bound":64389941.0,"upper_bound":64424712.5},"point_estimate":64399182.0,"standard_error":9775.778220915981},"median_abs_dev":{"confidence_interval":{"confidence_level":0.95,"lower_bound":41571.19516946377,"upper_bound":65682.14403390884},"point_estimate":53085.97465753555,"standard_error":6447.79326014585},"slope":null,"std_dev":{"confidence_interval":{"confidence_level":0.95,"lower_bound":51034.36082126894,"upper_bound":76354.99594852148},"point_estimate":64005.86099141645,"standard_error":6519.196110426597}}