{"mean":{"confidence_interval":{"confidence_level":0.95,"lower_bound":65562998.27825,"upper_bound":65581352.95},"point_estimate":65572024.38,"standard_error":4687.146597448178},"median":{"confidence_interval":{"confidence_level":0.95,"lower_bound":65555220.0,"upper_bound":65581580.5},"point_estimate":65571971.0,"standard_error":7479.485937400253},"median_abs_dev":{"confidence_interval":{"confidence_level":0.95,"lower_bound":40063.55778872967,"upper_bound":60746.56872153282},"point_estimate":51485.507985949516,"standard_error":5175.433120010627},"slope":null,"std_dev":{"confidence_interval":{"confidence_level":0.95,"lower_bound":41029.92977974011,"upper_bound":52966.02411577376},"point_estimate":47244.909042776264,"standard_error":3046.4486607990934}}