{"mean":{"confidence_interval":{"confidence_level":0.95,"lower_bound":972360.6978302193,"upper_bound":972968.8990949428},"point_estimate":972672.4808090974,"standard_error":154.41138149983524},"median":{"confidence_interval":{"confidence_level":0.95,"lower_bound":972517.1442901234,"upper_bound":972989.5567010309},"point_estimate":972751.2677203065,"standard_error":117.61757926094525},"median_abs_dev":{"confidence_interval":{"confidence_level":0.95,"lower_bound":689.1272453145302,"upper_bound":1285.7735194748518},"point_estimate":970.3628191020888,"standard_error":157.18978949419215},"slope":{"confidence_interval":{"confidence_level":0.95,"lower_bound":972554.4453411283,"upper_bound":972980.3254900419},"point_estimate":972766.4383286538,"standard_error":108.06596391813669},"std_dev":{"confidence_interval":{"confidence_level":0.95,"lower_bound":1115.5347653019376,"upper_bound":1998.1462814206177},"point_estimate":1549.0366148522667,"standard_error":230.99875591064267}}