{"mean":{"confidence_interval":{"confidence_level":0.95,"lower_bound":5113368.619000002,"upper_bound":5114347.646050001},"point_estimate":5113851.846000003,"standard_error":249.75063918491628},"median":{"confidence_interval":{"confidence_level":0.95,"lower_bound":5113351.3,"upper_bound":5114368.5},"point_estimate":5113846.75,"standard_error":300.23205905543665},"median_abs_dev":{"confidence_interval":{"confidence_level":0.95,"lower_bound":1770.520888567247,"upper_bound":2862.0851191874176},"point_estimate":2359.631988107882,"standard_error":281.9182791778161},"slope":null,"std_dev":{"confidence_interval":{"confidence_level":0.95,"lower_bound":2065.220003603784,"upper_bound":2932.9198481604744},"point_estimate":2505.3893548263004,"standard_error":224.72868209157008}}