{"mean":{"confidence_interval":{"confidence_level":0.95,"lower_bound":19420116.851763096,"upper_bound":19430539.338214286},"point_estimate":19425024.871357143,"standard_error":2655.292072819343},"median":{"confidence_interval":{"confidence_level":0.95,"lower_bound":19417599.6,"upper_bound":19430222.614285715},"point_estimate":19425440.666666664,"standard_error":3283.101835790591},"median_abs_dev":{"confidence_interval":{"confidence_level":0.95,"lower_bound":1408.2698239957826,"upper_bound":14978.244221583009},"point_estimate":9627.312349075331,"standard_error":3471.5881074942695},"slope":{"confidence_interval":{"confidence_level":0.95,"lower_bound":19417774.46197183,"upper_bound":19427533.05183657},"point_estimate":19422611.036363635,"standard_error":2498.7220636769516},"std_dev":{"confidence_interval":{"confidence_level":0.95,"lower_bound":4517.486759882113,"upper_bound":11678.653240164347},"point_estimate":8818.262778908096,"standard_error":1952.3850983079683}}