{"mean":{"confidence_interval":{"confidence_level":0.95,"lower_bound":5892767.027,"upper_bound":5893703.185555556},"point_estimate":5893212.650000001,"standard_error":235.4717630463229},"median":{"confidence_interval":{"confidence_level":0.95,"lower_bound":5892497.777777778,"upper_bound":5893818.888888889},"point_estimate":5893224.444444444,"standard_error":337.741462264002},"median_abs_dev":{"confidence_interval":{"confidence_level":0.95,"lower_bound":1516.6174064073784,"upper_bound":2392.0926908652755},"point_estimate":1833.8114341108494,"standard_error":224.1515013924375},"slope":null,"std_dev":{"confidence_interval":{"confidence_level":0.95,"lower_bound":1680.4059067221986,"upper_bound":3151.7449282872212},"point_estimate":2345.2706183284927,"standard_error":407.64223958926095}}