{"mean":{"confidence_interval":{"confidence_level":0.95,"lower_bound":39351461.44888889,"upper_bound":39369696.12638889},"point_estimate":39360358.32027777,"standard_error":4662.843355748965},"median":{"confidence_interval":{"confidence_level":0.95,"lower_bound":39349026.61111111,"upper_bound":39377232.166666664},"point_estimate":39354465.6875,"standard_error":7505.551715028952},"median_abs_dev":{"confidence_interval":{"confidence_level":0.95,"lower_bound":799.5538108124465,"upper_bound":24574.135747063803},"point_estimate":15204.375723405143,"standard_error":6643.967287948913},"slope":{"confidence_interval":{"confidence_level":0.95,"lower_bound":39350604.53333333,"upper_bound":39370199.63944147},"point_estimate":39358992.829437226,"standard_error":5424.041697013634},"std_dev":{"confidence_interval":{"confidence_level":0.95,"lower_bound":9254.551304685334,"upper_bound":18554.02049841674},"point_estimate":15469.84933001884,"standard_error":2353.894451037281}}