{"mean":{"confidence_interval":{"confidence_level":0.95,"lower_bound":41082815.595,"upper_bound":41095340.595625006},"point_estimate":41089097.485,"standard_error":3169.937567754456},"median":{"confidence_interval":{"confidence_level":0.95,"lower_bound":41080625.0,"upper_bound":41095682.0},"point_estimate":41088464.0,"standard_error":4013.9030620308044},"median_abs_dev":{"confidence_interval":{"confidence_level":0.95,"lower_bound":22285.70150434971,"upper_bound":36249.5693564415},"point_estimate":29443.323527276516,"standard_error":3485.1317575628123},"slope":null,"std_dev":{"confidence_interval":{"confidence_level":0.95,"lower_bound":26220.88030634502,"upper_bound":37030.88803575015},"point_estimate":31790.13883055458,"standard_error":2745.0213004672255}}