{"mean":{"confidence_interval":{"confidence_level":0.95,"lower_bound":570903339.74,"upper_bound":571082769.2},"point_estimate":570991220.0,"standard_error":45770.45239370556},"median":{"confidence_interval":{"confidence_level":0.95,"lower_bound":570885646.5,"upper_bound":571071072.5},"point_estimate":571007273.0,"standard_error":55142.48062279068},"median_abs_dev":{"confidence_interval":{"confidence_level":0.95,"lower_bound":16273.017311096191,"upper_bound":268065.9360408783},"point_estimate":129379.8280030489,"standard_error":60648.2455862196},"slope":null,"std_dev":{"confidence_interval":{"confidence_level":0.95,"lower_bound":71577.49645159279,"upper_bound":207374.74928415625},"point_estimate":153299.436194513,"standard_error":35341.29663332281}}