{"mean":{"confidence_interval":{"confidence_level":0.95,"lower_bound":22720839297.2,"upper_bound":39890863299.0},"point_estimate":31183294240.0,"standard_error":4406185047.459155},"median":{"confidence_interval":{"confidence_level":0.95,"lower_bound":18220951174.0,"upper_bound":45218356395.5},"point_estimate":27998065448.0,"standard_error":9572747789.29324},"median_abs_dev":{"confidence_interval":{"confidence_level":0.95,"lower_bound":803540810.2528989,"upper_bound":22195038805.038895},"point_estimate":17861023399.297348,"standard_error":6610111940.850016},"slope":null,"std_dev":{"confidence_interval":{"confidence_level":0.95,"lower_bound":10031674250.132486,"upper_bound":16648044032.357061},"point_estimate":14779675796.578672,"standard_error":1701304426.75298}}