{"mean":{"confidence_interval":{"confidence_level":0.95,"lower_bound":557143140.845,"upper_bound":557335626.6},"point_estimate":557240716.0,"standard_error":49044.50302183534},"median":{"confidence_interval":{"confidence_level":0.95,"lower_bound":557094124.0,"upper_bound":557384102.5},"point_estimate":557247920.5,"standard_error":79751.88868600875},"median_abs_dev":{"confidence_interval":{"confidence_level":0.95,"lower_bound":57885.150772333145,"upper_bound":272517.44246184826},"point_estimate":214054.07769978046,"standard_error":59114.697733825255},"slope":null,"std_dev":{"confidence_interval":{"confidence_level":0.95,"lower_bound":102111.07491353595,"upper_bound":196233.23578416125},"point_estimate":164348.5447253286,"standard_error":23857.352434799668}}