{"mean":{"confidence_interval":{"confidence_level":0.95,"lower_bound":20549673567.13,"upper_bound":39843896726.1025},"point_estimate":30116789545.4,"standard_error":4943576202.7029505},"median":{"confidence_interval":{"confidence_level":0.95,"lower_bound":15263898657.0,"upper_bound":48279822806.0},"point_estimate":21642284171.5,"standard_error":11136745250.688986},"median_abs_dev":{"confidence_interval":{"confidence_level":0.95,"lower_bound":1100860873.7558126,"upper_bound":24639280789.184822},"point_estimate":10431895075.24504,"standard_error":7248519938.282703},"slope":null,"std_dev":{"confidence_interval":{"confidence_level":0.95,"lower_bound":10290023694.833458,"upper_bound":17795365985.222057},"point_estimate":16485892764.98177,"standard_error":1915199551.095941}}