{"mean":{"confidence_interval":{"confidence_level":0.95,"lower_bound":1030346280.1,"upper_bound":1031085410.4449999},"point_estimate":1030718216.1,"standard_error":187887.91141160947},"median":{"confidence_interval":{"confidence_level":0.95,"lower_bound":1030314555.5,"upper_bound":1031148052.5},"point_estimate":1030686797.5,"standard_error":201546.23025952204},"median_abs_dev":{"confidence_interval":{"confidence_level":0.95,"lower_bound":93130.2586466074,"upper_bound":1074202.243629098},"point_estimate":522586.09742224216,"standard_error":245842.26273403075},"slope":null,"std_dev":{"confidence_interval":{"confidence_level":0.95,"lower_bound":314280.0340535668,"upper_bound":815791.8305603805},"point_estimate":623433.3493668482,"standard_error":128463.69785521485}}