{"mean":{"confidence_interval":{"confidence_level":0.95,"lower_bound":739949204.7,"upper_bound":740239793.3275},"point_estimate":740094319.3,"standard_error":73970.4300139346},"median":{"confidence_interval":{"confidence_level":0.95,"lower_bound":739858342.5,"upper_bound":740348708.0},"point_estimate":740070531.0,"standard_error":133781.38801391824},"median_abs_dev":{"confidence_interval":{"confidence_level":0.95,"lower_bound":59372.19854593277,"upper_bound":401378.36047410965},"point_estimate":335716.9728398323,"standard_error":94655.71795655205},"slope":null,"std_dev":{"confidence_interval":{"confidence_level":0.95,"lower_bound":161694.16040796868,"upper_bound":292014.05655808956},"point_estimate":247956.30687192993,"standard_error":33476.071277952}}