{"mean":{"confidence_interval":{"confidence_level":0.95,"lower_bound":17053679846.3,"upper_bound":17071515910.75},"point_estimate":17061809349.8,"standard_error":4584521.5326114055},"median":{"confidence_interval":{"confidence_level":0.95,"lower_bound":17050769235.0,"upper_bound":17068807172.0},"point_estimate":17060505822.5,"standard_error":4081136.9122510455},"median_abs_dev":{"confidence_interval":{"confidence_level":0.95,"lower_bound":1407803.546306491,"upper_bound":23039125.45247376},"point_estimate":10825660.34860611,"standard_error":5947301.851237855},"slope":null,"std_dev":{"confidence_interval":{"confidence_level":0.95,"lower_bound":6591297.031855119,"upper_bound":20809888.6191874},"point_estimate":15111939.675007924,"standard_error":4033417.704783818}}