{"mean":{"confidence_interval":{"confidence_level":0.95,"lower_bound":43861433.41420635,"upper_bound":43888334.51825397},"point_estimate":43873147.42140212,"standard_error":7016.553645818461},"median":{"confidence_interval":{"confidence_level":0.95,"lower_bound":43859115.9,"upper_bound":43880729.4962963},"point_estimate":43868424.972222224,"standard_error":5070.44729860225},"median_abs_dev":{"confidence_interval":{"confidence_level":0.95,"lower_bound":3665.5499738138,"upper_bound":29157.080735134776},"point_estimate":11901.768968700626,"standard_error":6736.490849788936},"slope":{"confidence_interval":{"confidence_level":0.95,"lower_bound":43859963.90536278,"upper_bound":43872131.87898551},"point_estimate":43865333.23116883,"standard_error":3134.8567831504542},"std_dev":{"confidence_interval":{"confidence_level":0.95,"lower_bound":6959.780323380409,"upper_bound":33695.275316875144},"point_estimate":23446.64336089209,"standard_error":7847.777022517695}}