{"mean":{"confidence_interval":{"confidence_level":0.95,"lower_bound":88990069.88047619,"upper_bound":89034248.99630953},"point_estimate":89012433.10575397,"standard_error":11305.75637307136},"median":{"confidence_interval":{"confidence_level":0.95,"lower_bound":88982660.07142857,"upper_bound":89033308.3888889},"point_estimate":89020406.8,"standard_error":12773.40891036715},"median_abs_dev":{"confidence_interval":{"confidence_level":0.95,"lower_bound":5622.933370173714,"upper_bound":69553.06695268938},"point_estimate":21111.119911868875,"standard_error":17707.08930848733},"slope":{"confidence_interval":{"confidence_level":0.95,"lower_bound":88999078.11617424,"upper_bound":89032791.05669641},"point_estimate":89018381.57792208,"standard_error":8551.677832064819},"std_dev":{"confidence_interval":{"confidence_level":0.95,"lower_bound":18053.97953549246,"upper_bound":48698.017861705},"point_estimate":37552.440391277465,"standard_error":7601.307066793576}}