{"mean":{"confidence_interval":{"confidence_level":0.95,"lower_bound":27523606037.6225,"upper_bound":27541460677.4675},"point_estimate":27532768787.9,"standard_error":4578920.17587707},"median":{"confidence_interval":{"confidence_level":0.95,"lower_bound":27522682925.0,"upper_bound":27545754991.0},"point_estimate":27530770940.5,"standard_error":6266826.73487675},"median_abs_dev":{"confidence_interval":{"confidence_level":0.95,"lower_bound":2157828.633990884,"upper_bound":26624574.80531931},"point_estimate":17710566.260674596,"standard_error":5964022.46998066},"slope":null,"std_dev":{"confidence_interval":{"confidence_level":0.95,"lower_bound":8473202.661373874,"upper_bound":19319729.869298298},"point_estimate":15125693.498814058,"standard_error":2833573.4758507214}}