{"mean":{"confidence_interval":{"confidence_level":0.95,"lower_bound":812147660.6175001,"upper_bound":2227747538.6},"point_estimate":1520942980.2,"standard_error":363957579.0719252},"median":{"confidence_interval":{"confidence_level":0.95,"lower_bound":108755402.0,"upper_bound":2470151176.5},"point_estimate":2444877770.5,"standard_error":886024721.3502442},"median_abs_dev":{"confidence_interval":{"confidence_level":0.95,"lower_bound":6201785.3720963,"upper_bound":1756759102.0564914},"point_estimate":55589379.55419123,"standard_error":683784720.7402337},"slope":null,"std_dev":{"confidence_interval":{"confidence_level":0.95,"lower_bound":744108935.8553641,"upper_bound":1246397292.3229842},"point_estimate":1215553310.2719822,"standard_error":146033765.27384812}}