{"mean":{"confidence_interval":{"confidence_level":0.95,"lower_bound":40493972.568875,"upper_bound":40506569.344875},"point_estimate":40500134.285,"standard_error":3226.508734805688},"median":{"confidence_interval":{"confidence_level":0.95,"lower_bound":40489536.5,"upper_bound":40506387.5},"point_estimate":40495739.25,"standard_error":4831.089530339664},"median_abs_dev":{"confidence_interval":{"confidence_level":0.95,"lower_bound":24917.687107622623,"upper_bound":38111.344273388386},"point_estimate":29550.812025368214,"standard_error":3310.6553974233893},"slope":null,"std_dev":{"confidence_interval":{"confidence_level":0.95,"lower_bound":26243.61884466936,"upper_bound":38861.64813642786},"point_estimate":32472.184266097483,"standard_error":3252.783686289996}}