{"mean":{"confidence_interval":{"confidence_level":0.95,"lower_bound":738154946.8,"upper_bound":738380343.65},"point_estimate":738269783.5,"standard_error":57830.575077240705},"median":{"confidence_interval":{"confidence_level":0.95,"lower_bound":738104105.5,"upper_bound":738424543.0},"point_estimate":738308411.5,"standard_error":88239.53337641267},"median_abs_dev":{"confidence_interval":{"confidence_level":0.95,"lower_bound":55129.73872125149,"upper_bound":309774.43850040436},"point_estimate":227623.57395887375,"standard_error":68821.36902762002},"slope":null,"std_dev":{"confidence_interval":{"confidence_level":0.95,"lower_bound":115077.04710521363,"upper_bound":237352.94553575694},"point_estimate":192813.3864602709,"standard_error":31572.600182602164}}