{"mean":{"confidence_interval":{"confidence_level":0.95,"lower_bound":20245123335.8,"upper_bound":38033006397.1},"point_estimate":29078900113.5,"standard_error":4564135660.347008},"median":{"confidence_interval":{"confidence_level":0.95,"lower_bound":14196073961.0,"upper_bound":43724524017.0},"point_estimate":27846831954.0,"standard_error":11187154963.841352},"median_abs_dev":{"confidence_interval":{"confidence_level":0.95,"lower_bound":430995597.4260986,"upper_bound":22703663465.3317},"point_estimate":21028660573.788445,"standard_error":7341254663.341743},"slope":null,"std_dev":{"confidence_interval":{"confidence_level":0.95,"lower_bound":10983383036.67341,"upper_bound":16235334869.595158},"point_estimate":15200843700.92183,"standard_error":1410095349.2520647}}