{"mean":{"confidence_interval":{"confidence_level":0.95,"lower_bound":5786681.009499997,"upper_bound":5788044.514444445},"point_estimate":5787359.988888886,"standard_error":348.0328226845632},"median":{"confidence_interval":{"confidence_level":0.95,"lower_bound":5786291.166666666,"upper_bound":5787768.0},"point_estimate":5786902.722222222,"standard_error":351.94208933320294},"median_abs_dev":{"confidence_interval":{"confidence_level":0.95,"lower_bound":2867.842549085157,"upper_bound":4480.581853786951},"point_estimate":3586.162236332433,"standard_error":398.5470951983195},"slope":null,"std_dev":{"confidence_interval":{"confidence_level":0.95,"lower_bound":3027.280354876457,"upper_bound":3880.0904492149425},"point_estimate":3480.4058366452105,"standard_error":216.61807690521925}}