{"mean":{"confidence_interval":{"confidence_level":0.95,"lower_bound":636820377.5012503,"upper_bound":831543101.98125},"point_estimate":730072708.45,"standard_error":50020360.01932746},"median":{"confidence_interval":{"confidence_level":0.95,"lower_bound":618729450.0,"upper_bound":871170442.25},"point_estimate":702381396.0,"standard_error":49596862.822049916},"median_abs_dev":{"confidence_interval":{"confidence_level":0.95,"lower_bound":7964167.898757756,"upper_bound":305856249.2354661},"point_estimate":107308150.9243995,"standard_error":76032205.20039618},"slope":null,"std_dev":{"confidence_interval":{"confidence_level":0.95,"lower_bound":75006955.90876631,"upper_bound":215044514.09488815},"point_estimate":168702043.13316864,"standard_error":35586552.23934885}}