{"mean":{"confidence_interval":{"confidence_level":0.95,"lower_bound":561485861.9,"upper_bound":561752673.9},"point_estimate":561614400.8,"standard_error":68107.76695151649},"median":{"confidence_interval":{"confidence_level":0.95,"lower_bound":561501472.5,"upper_bound":561774222.5},"point_estimate":561590586.5,"standard_error":55317.58240334269},"median_abs_dev":{"confidence_interval":{"confidence_level":0.95,"lower_bound":26493.320229649544,"upper_bound":421480.93351721764},"point_estimate":100013.22902441025,"standard_error":103101.77472861912},"slope":null,"std_dev":{"confidence_interval":{"confidence_level":0.95,"lower_bound":83493.81158209666,"upper_bound":301307.057410955},"point_estimate":227293.6864840533,"standard_error":52790.12357742184}}