{"mean":{"confidence_interval":{"confidence_level":0.95,"lower_bound":17059080164.7,"upper_bound":17073044420.432499},"point_estimate":17066052810.6,"standard_error":3626577.816653491},"median":{"confidence_interval":{"confidence_level":0.95,"lower_bound":17056253871.5,"upper_bound":17075331117.0},"point_estimate":17065475589.0,"standard_error":4557996.92648625},"median_abs_dev":{"confidence_interval":{"confidence_level":0.95,"lower_bound":1953977.8093099594,"upper_bound":23031675.387606025},"point_estimate":13875827.35915482,"standard_error":5524612.286880196},"slope":null,"std_dev":{"confidence_interval":{"confidence_level":0.95,"lower_bound":7006313.522416834,"upper_bound":14890020.34389299},"point_estimate":12031879.623333553,"standard_error":2035981.2947516788}}