{"mean":{"confidence_interval":{"confidence_level":0.95,"lower_bound":40280916.260000005,"upper_bound":40309481.836388886},"point_estimate":40293854.08480159,"standard_error":7371.240862729084},"median":{"confidence_interval":{"confidence_level":0.95,"lower_bound":40280771.91428572,"upper_bound":40301631.534722224},"point_estimate":40289729.266666666,"standard_error":4964.0302965333085},"median_abs_dev":{"confidence_interval":{"confidence_level":0.95,"lower_bound":1958.5027985636596,"upper_bound":34649.37331818995},"point_estimate":10375.137834971396,"standard_error":7745.182544168072},"slope":{"confidence_interval":{"confidence_level":0.95,"lower_bound":40283303.50387597,"upper_bound":40305400.22954951},"point_estimate":40292733.03290043,"standard_error":5712.892220800224},"std_dev":{"confidence_interval":{"confidence_level":0.95,"lower_bound":7649.7225179162415,"upper_bound":35640.83054318357},"point_estimate":24946.84969758804,"standard_error":7844.470430222303}}