{"mean":{"confidence_interval":{"confidence_level":0.95,"lower_bound":23729460.901061513,"upper_bound":23745113.571597222},"point_estimate":23736863.621001985,"standard_error":4004.0370923435826},"median":{"confidence_interval":{"confidence_level":0.95,"lower_bound":23727871.5625,"upper_bound":23746281.615625},"point_estimate":23735009.527777776,"standard_error":4427.470311097453},"median_abs_dev":{"confidence_interval":{"confidence_level":0.95,"lower_bound":2521.5071952357716,"upper_bound":22492.70290692233},"point_estimate":9846.425181440089,"standard_error":5107.7080035713825},"slope":{"confidence_interval":{"confidence_level":0.95,"lower_bound":23727636.835714284,"upper_bound":23744112.308845676},"point_estimate":23736492.753246754,"standard_error":4147.679885673242},"std_dev":{"confidence_interval":{"confidence_level":0.95,"lower_bound":5871.379061104554,"upper_bound":17489.939462377562},"point_estimate":13302.177715660986,"standard_error":2961.752189929079}}