{"mean":{"confidence_interval":{"confidence_level":0.95,"lower_bound":64382954.79,"upper_bound":64403488.25},"point_estimate":64393028.01,"standard_error":5235.089435997907},"median":{"confidence_interval":{"confidence_level":0.95,"lower_bound":64373929.0,"upper_bound":64401671.0},"point_estimate":64388500.5,"standard_error":6625.986568031004},"median_abs_dev":{"confidence_interval":{"confidence_level":0.95,"lower_bound":39999.80598986149,"upper_bound":59408.522245287895},"point_estimate":50422.48380482197,"standard_error":4928.871040535634},"slope":null,"std_dev":{"confidence_interval":{"confidence_level":0.95,"lower_bound":42985.2443547078,"upper_bound":61563.75124322472},"point_estimate":52649.49297663624,"standard_error":4746.566529697417}}