{"mean":{"confidence_interval":{"confidence_level":0.95,"lower_bound":28537555719.1,"upper_bound":28611974853.3},"point_estimate":28575841831.1,"standard_error":19384750.085934844},"median":{"confidence_interval":{"confidence_level":0.95,"lower_bound":28522947752.0,"upper_bound":28628364095.0},"point_estimate":28599644886.0,"standard_error":34192197.165002055},"median_abs_dev":{"confidence_interval":{"confidence_level":0.95,"lower_bound":4257428.895315528,"upper_bound":94268936.93919182},"point_estimate":65023702.111798525,"standard_error":26531022.257442094},"slope":null,"std_dev":{"confidence_interval":{"confidence_level":0.95,"lower_bound":38908461.110450424,"upper_bound":78266888.27147758},"point_estimate":64922407.44064625,"standard_error":10164487.005561376}}