{"mean":{"confidence_interval":{"confidence_level":0.95,"lower_bound":999216969.82,"upper_bound":999525464.6700001},"point_estimate":999371510.4,"standard_error":78774.46128322728},"median":{"confidence_interval":{"confidence_level":0.95,"lower_bound":999177723.0,"upper_bound":999553404.0},"point_estimate":999385238.5,"standard_error":91045.77746726164},"median_abs_dev":{"confidence_interval":{"confidence_level":0.95,"lower_bound":53564.85444903374,"upper_bound":452035.8363747597},"point_estimate":237430.23148477077,"standard_error":98055.3293386512},"slope":null,"std_dev":{"confidence_interval":{"confidence_level":0.95,"lower_bound":133833.93159604762,"upper_bound":347276.04460404883},"point_estimate":262817.98399703676,"standard_error":54502.63546946077}}