{"mean":{"confidence_interval":{"confidence_level":0.95,"lower_bound":43954643.66736111,"upper_bound":49081749.87050596},"point_estimate":46576823.83045635,"standard_error":1307752.5845305517},"median":{"confidence_interval":{"confidence_level":0.95,"lower_bound":42960791.83333333,"upper_bound":49846619.25},"point_estimate":46814647.28125,"standard_error":1513711.890360737},"median_abs_dev":{"confidence_interval":{"confidence_level":0.95,"lower_bound":586999.4293099343,"upper_bound":8136522.528447851},"point_estimate":4042762.627376614,"standard_error":1897779.3399184623},"slope":{"confidence_interval":{"confidence_level":0.95,"lower_bound":46712531.50471698,"upper_bound":49890699.917961486},"point_estimate":48490093.14285714,"standard_error":804382.2697977318},"std_dev":{"confidence_interval":{"confidence_level":0.95,"lower_bound":2253312.4302457306,"upper_bound":5531395.309319833},"point_estimate":4364948.5362262195,"standard_error":830118.8239273073}}