{"mean":{"confidence_interval":{"confidence_level":0.95,"lower_bound":1231128025.0,"upper_bound":2021234232.5525},"point_estimate":1681142733.6,"standard_error":204545862.97535986},"median":{"confidence_interval":{"confidence_level":0.95,"lower_bound":1234257669.0,"upper_bound":2076663205.0},"point_estimate":1952574660.0,"standard_error":173918163.49237442},"median_abs_dev":{"confidence_interval":{"confidence_level":0.95,"lower_bound":41632875.03486872,"upper_bound":935807885.320589},"point_estimate":146119741.99135602,"standard_error":171788748.9109547},"slope":null,"std_dev":{"confidence_interval":{"confidence_level":0.95,"lower_bound":87702186.03137985,"upper_bound":874886613.7219915},"point_estimate":677889486.3490547,"standard_error":214456436.53966177}}