{"mean":{"confidence_interval":{"confidence_level":0.95,"lower_bound":1488394415.01125,"upper_bound":3194944433.8},"point_estimate":2341671396.15,"standard_error":466258729.2708245},"median":{"confidence_interval":{"confidence_level":0.95,"lower_bound":495741258.0,"upper_bound":3605941582.25},"point_estimate":2536368903.0,"standard_error":587252679.0479571},"median_abs_dev":{"confidence_interval":{"confidence_level":0.95,"lower_bound":22553849.724689126,"upper_bound":3123153661.491439},"point_estimate":1561722999.1651745,"standard_error":1169153443.0362554},"slope":null,"std_dev":{"confidence_interval":{"confidence_level":0.95,"lower_bound":892334622.6130332,"upper_bound":1941506433.7698352},"point_estimate":1555648216.9982631,"standard_error":275641017.9908694}}