{"mean":{"confidence_interval":{"confidence_level":0.95,"lower_bound":58750026.69533632,"upper_bound":68942924.8067361},"point_estimate":63654905.17688493,"standard_error":2618356.2384960405},"median":{"confidence_interval":{"confidence_level":0.95,"lower_bound":55847622.0,"upper_bound":71561188.47222221},"point_estimate":61787960.59166667,"standard_error":4131281.6578219743},"median_abs_dev":{"confidence_interval":{"confidence_level":0.95,"lower_bound":1670709.7749839767,"upper_bound":14771597.357493393},"point_estimate":9262881.265392646,"standard_error":3334585.7470239745},"slope":{"confidence_interval":{"confidence_level":0.95,"lower_bound":57666647.08747515,"upper_bound":66974545.861809045},"point_estimate":62276963.01688312,"standard_error":2363625.1136557814},"std_dev":{"confidence_interval":{"confidence_level":0.95,"lower_bound":4835986.816178234,"upper_bound":10617305.94763029},"point_estimate":8655761.888367815,"standard_error":1465635.3561237168}}