{"mean":{"confidence_interval":{"confidence_level":0.95,"lower_bound":19374862.253738098,"upper_bound":19382803.007833336},"point_estimate":19378820.565896824,"standard_error":2024.1784002094507},"median":{"confidence_interval":{"confidence_level":0.95,"lower_bound":19372518.9,"upper_bound":19385630.84583333},"point_estimate":19378580.549999997,"standard_error":3528.0037241302116},"median_abs_dev":{"confidence_interval":{"confidence_level":0.95,"lower_bound":1362.9541558038313,"upper_bound":11418.126736623062},"point_estimate":8761.177444458928,"standard_error":2588.9203776241084},"slope":{"confidence_interval":{"confidence_level":0.95,"lower_bound":19374354.70517842,"upper_bound":19384955.619459458},"point_estimate":19380147.58077922,"standard_error":2757.03117836155},"std_dev":{"confidence_interval":{"confidence_level":0.95,"lower_bound":4336.578875060833,"upper_bound":7940.103225882701},"point_estimate":6759.587811584636,"standard_error":917.8471216811373}}