{"mean":{"confidence_interval":{"confidence_level":0.95,"lower_bound":28512126870.4,"upper_bound":28544744041.6},"point_estimate":28527630546.2,"standard_error":8378417.4639512235},"median":{"confidence_interval":{"confidence_level":0.95,"lower_bound":28513179686.5,"upper_bound":28548923319.0},"point_estimate":28517837250.5,"standard_error":9201159.861878466},"median_abs_dev":{"confidence_interval":{"confidence_level":0.95,"lower_bound":1964261.864027381,"upper_bound":46852165.86730778},"point_estimate":9778763.14869225,"standard_error":13619906.153957527},"slope":null,"std_dev":{"confidence_interval":{"confidence_level":0.95,"lower_bound":11294152.653802738,"upper_bound":36153529.87721954},"point_estimate":27833948.74630943,"standard_error":6145715.259315621}}