{"mean":{"confidence_interval":{"confidence_level":0.95,"lower_bound":5100806.784999998,"upper_bound":5102732.724300002},"point_estimate":5101628.4860000005,"standard_error":495.4994398920026},"median":{"confidence_interval":{"confidence_level":0.95,"lower_bound":5100545.05,"upper_bound":5101588.9},"point_estimate":5101146.0,"standard_error":261.3921050335629},"median_abs_dev":{"confidence_interval":{"confidence_level":0.95,"lower_bound":1555.3956323863456,"upper_bound":3199.59900319521},"point_estimate":2129.1618221999597,"standard_error":442.34947006422937},"slope":null,"std_dev":{"confidence_interval":{"confidence_level":0.95,"lower_bound":2379.072716373219,"upper_bound":7747.893782763297},"point_estimate":4965.920052221386,"standard_error":1731.7949887529846}}