{"mean":{"confidence_interval":{"confidence_level":0.95,"lower_bound":20544758835.7,"upper_bound":37776784811.5},"point_estimate":29031830671.9,"standard_error":4428043805.512074},"median":{"confidence_interval":{"confidence_level":0.95,"lower_bound":17688136470.0,"upper_bound":45180916998.5},"point_estimate":20703501104.0,"standard_error":9624308655.563549},"median_abs_dev":{"confidence_interval":{"confidence_level":0.95,"lower_bound":595960993.1135774,"upper_bound":21055592721.371304},"point_estimate":10028547537.346691,"standard_error":6408865041.085786},"slope":null,"std_dev":{"confidence_interval":{"confidence_level":0.95,"lower_bound":9193204923.985659,"upper_bound":16265687555.14289},"point_estimate":14729549127.45089,"standard_error":1769200694.5856776}}