{"mean":{"confidence_interval":{"confidence_level":0.95,"lower_bound":66964471.83,"upper_bound":66980984.41},"point_estimate":66972699.52,"standard_error":4218.164551538888},"median":{"confidence_interval":{"confidence_level":0.95,"lower_bound":66964851.0,"upper_bound":66982999.0},"point_estimate":66971122.0,"standard_error":4359.867074240836},"median_abs_dev":{"confidence_interval":{"confidence_level":0.95,"lower_bound":34522.34038710594,"upper_bound":50408.39910507202},"point_estimate":45018.40690076351,"standard_error":4062.8680419903667},"slope":null,"std_dev":{"confidence_interval":{"confidence_level":0.95,"lower_bound":36021.78672288926,"upper_bound":48836.784473846645},"point_estimate":42655.09452715827,"standard_error":3267.1033697180724}}