{"mean":{"confidence_interval":{"confidence_level":0.95,"lower_bound":18349314456.6,"upper_bound":19462575774.2},"point_estimate":18881888803.1,"standard_error":288032353.5056624},"median":{"confidence_interval":{"confidence_level":0.95,"lower_bound":18177309693.0,"upper_bound":19779837354.5},"point_estimate":18338015832.0,"standard_error":483511622.65266806},"median_abs_dev":{"confidence_interval":{"confidence_level":0.95,"lower_bound":68577204.10389398,"upper_bound":1505932449.3270545},"point_estimate":457249396.2170005,"standard_error":446934953.89718777},"slope":null,"std_dev":{"confidence_interval":{"confidence_level":0.95,"lower_bound":476551136.42021656,"upper_bound":1129408795.0737891},"point_estimate":957047435.6383157,"standard_error":165982188.8009077}}