{"mean":{"confidence_interval":{"confidence_level":0.95,"lower_bound":700787603.0749999,"upper_bound":701014965.845},"point_estimate":700904400.8,"standard_error":58617.08733139795},"median":{"confidence_interval":{"confidence_level":0.95,"lower_bound":700722845.0,"upper_bound":701070887.0},"point_estimate":700966377.5,"standard_error":117194.961842993},"median_abs_dev":{"confidence_interval":{"confidence_level":0.95,"lower_bound":16202.593812346458,"upper_bound":315460.20939946175},"point_estimate":209211.16488575935,"standard_error":85628.11467987114},"slope":null,"std_dev":{"confidence_interval":{"confidence_level":0.95,"lower_bound":122810.93417176534,"upper_bound":227214.5019787992},"point_estimate":194288.8579374078,"standard_error":26381.39838783151}}