{"mean":{"confidence_interval":{"confidence_level":0.95,"lower_bound":10732397813.235003,"upper_bound":69182653561.2},"point_estimate":39440098793.3,"standard_error":14266385274.455536},"median":{"confidence_interval":{"confidence_level":0.95,"lower_bound":8270360157.0,"upper_bound":107292085464.0},"point_estimate":11978690358.0,"standard_error":24353051115.733253},"median_abs_dev":{"confidence_interval":{"confidence_level":0.95,"lower_bound":628493337.4076128,"upper_bound":73385460861.09233},"point_estimate":6042335570.7764,"standard_error":20729589006.00109},"slope":null,"std_dev":{"confidence_interval":{"confidence_level":0.95,"lower_bound":2451658056.085865,"upper_bound":52413796473.34373},"point_estimate":47698473754.11637,"standard_error":9606903788.45524}}