{"mean":{"confidence_interval":{"confidence_level":0.95,"lower_bound":19506770082.1,"upper_bound":79617158465.58249},"point_estimate":49370501061.5,"standard_error":15388665664.474312},"median":{"confidence_interval":{"confidence_level":0.95,"lower_bound":9203325917.0,"upper_bound":108702348450.0},"point_estimate":11605133587.0,"standard_error":36686428820.67294},"median_abs_dev":{"confidence_interval":{"confidence_level":0.95,"lower_bound":924292920.5075204,"upper_bound":75549018053.07622},"point_estimate":6192705007.680309,"standard_error":27576012447.16865},"slope":null,"std_dev":{"confidence_interval":{"confidence_level":0.95,"lower_bound":31099787734.80494,"upper_bound":53345391065.55144},"point_estimate":51386203081.32984,"standard_error":6165378915.048025}}