{"mean":{"confidence_interval":{"confidence_level":0.95,"lower_bound":1748523.929012157,"upper_bound":1782286.0117106987},"point_estimate":1765201.3432553634,"standard_error":8644.667503750443},"median":{"confidence_interval":{"confidence_level":0.95,"lower_bound":1740642.5862068965,"upper_bound":1774833.625},"point_estimate":1758166.3944256757,"standard_error":8408.954175715233},"median_abs_dev":{"confidence_interval":{"confidence_level":0.95,"lower_bound":58851.151979891445,"upper_bound":93805.62589207981},"point_estimate":77859.77236798928,"standard_error":9037.02534842356},"slope":{"confidence_interval":{"confidence_level":0.95,"lower_bound":1747075.7340822883,"upper_bound":1775360.5353810342},"point_estimate":1761068.929655682,"standard_error":7215.51510056444},"std_dev":{"confidence_interval":{"confidence_level":0.95,"lower_bound":73037.95937073049,"upper_bound":100513.15704121788},"point_estimate":87249.02896986797,"standard_error":7009.028387555615}}