{"mean":{"confidence_interval":{"confidence_level":0.95,"lower_bound":17078992889.5,"upper_bound":17092673836.5},"point_estimate":17085475525.0,"standard_error":3482870.0687015424},"median":{"confidence_interval":{"confidence_level":0.95,"lower_bound":17077208318.0,"upper_bound":17094712382.0},"point_estimate":17081512233.5,"standard_error":5169586.325992461},"median_abs_dev":{"confidence_interval":{"confidence_level":0.95,"lower_bound":758197.1787393093,"upper_bound":18258121.565553546},"point_estimate":7770528.852045536,"standard_error":4802130.201323895},"slope":null,"std_dev":{"confidence_interval":{"confidence_level":0.95,"lower_bound":5237865.309117086,"upper_bound":14249122.72201858},"point_estimate":11522965.340789767,"standard_error":2225120.6230524024}}