{"mean":{"confidence_interval":{"confidence_level":0.95,"lower_bound":733895967.0,"upper_bound":734453965.8},"point_estimate":734121303.9,"standard_error":150160.6194161411},"median":{"confidence_interval":{"confidence_level":0.95,"lower_bound":733839863.0,"upper_bound":734147822.0},"point_estimate":733938811.5,"standard_error":93976.77083370213},"median_abs_dev":{"confidence_interval":{"confidence_level":0.95,"lower_bound":37534.983533620834,"upper_bound":418847.0946639776},"point_estimate":220696.12558186054,"standard_error":106145.268802058},"slope":null,"std_dev":{"confidence_interval":{"confidence_level":0.95,"lower_bound":98741.10808686634,"upper_bound":752746.1501411772},"point_estimate":501050.5827182743,"standard_error":206295.39095989507}}