{"mean":{"confidence_interval":{"confidence_level":0.95,"lower_bound":37997769.66166667,"upper_bound":38023346.70694444},"point_estimate":38010004.56787037,"standard_error":6541.204147446027},"median":{"confidence_interval":{"confidence_level":0.95,"lower_bound":37991998.3,"upper_bound":38027433.7962963},"point_estimate":38004805.79166667,"standard_error":8861.134747105461},"median_abs_dev":{"confidence_interval":{"confidence_level":0.95,"lower_bound":5675.763349240581,"upper_bound":36992.12337575558},"point_estimate":22320.357278739968,"standard_error":8383.233277272273},"slope":{"confidence_interval":{"confidence_level":0.95,"lower_bound":37990983.54263566,"upper_bound":38026460.8964539},"point_estimate":38006980.404329,"standard_error":9127.998894990742},"std_dev":{"confidence_interval":{"confidence_level":0.95,"lower_bound":10485.18584760679,"upper_bound":26860.023867277032},"point_estimate":21945.833126130346,"standard_error":4048.6303488753574}}