{"mean":{"confidence_interval":{"confidence_level":0.95,"lower_bound":5867650.936055556,"upper_bound":5868764.36111111},"point_estimate":5868193.883333335,"standard_error":281.9574027160828},"median":{"confidence_interval":{"confidence_level":0.95,"lower_bound":5867284.555555556,"upper_bound":5868624.333333334},"point_estimate":5867952.0,"standard_error":327.0732249739178},"median_abs_dev":{"confidence_interval":{"confidence_level":0.95,"lower_bound":2073.580796520452,"upper_bound":3275.1457085211478},"point_estimate":2691.2484188871495,"standard_error":311.79538208653},"slope":null,"std_dev":{"confidence_interval":{"confidence_level":0.95,"lower_bound":2335.217518834293,"upper_bound":3337.456285132286},"point_estimate":2839.318914736803,"standard_error":257.15104145665913}}