{"mean":{"confidence_interval":{"confidence_level":0.95,"lower_bound":546232584.4,"upper_bound":546615392.0525},"point_estimate":546422264.8,"standard_error":98130.38714449957},"median":{"confidence_interval":{"confidence_level":0.95,"lower_bound":546144059.0,"upper_bound":546696381.0},"point_estimate":546385622.0,"standard_error":132625.70372764257},"median_abs_dev":{"confidence_interval":{"confidence_level":0.95,"lower_bound":103628.54906022549,"upper_bound":582856.7515522242},"point_estimate":333634.6611768007,"standard_error":125471.705258298},"slope":null,"std_dev":{"confidence_interval":{"confidence_level":0.95,"lower_bound":188121.22699826656,"upper_bound":404768.88106759277},"point_estimate":327804.8188944147,"standard_error":55228.196512283925}}