{"mean":{"confidence_interval":{"confidence_level":0.95,"lower_bound":679681431.6,"upper_bound":823830191.5475},"point_estimate":753685648.5,"standard_error":37090479.01076365},"median":{"confidence_interval":{"confidence_level":0.95,"lower_bound":668994439.0,"upper_bound":870142529.0},"point_estimate":774864018.0,"standard_error":64623294.10257346},"median_abs_dev":{"confidence_interval":{"confidence_level":0.95,"lower_bound":23023194.174456596,"upper_bound":210330578.2742858},"point_estimate":141177013.134107,"standard_error":52099925.77449376},"slope":null,"std_dev":{"confidence_interval":{"confidence_level":0.95,"lower_bound":74253178.13818388,"upper_bound":151198642.16249338},"point_estimate":124637450.55284695,"standard_error":19872915.584979616}}