{"mean":{"confidence_interval":{"confidence_level":0.95,"lower_bound":450662981.9,"upper_bound":2979664784.9},"point_estimate":1703101354.0,"standard_error":616755078.3145428},"median":{"confidence_interval":{"confidence_level":0.95,"lower_bound":403332598.0,"upper_bound":4635778259.0},"point_estimate":468428772.5,"standard_error":1064750464.6368665},"median_abs_dev":{"confidence_interval":{"confidence_level":0.95,"lower_bound":20110718.447363377,"upper_bound":3157367739.6920176},"point_estimate":98796581.54051006,"standard_error":929181880.3656543},"slope":null,"std_dev":{"confidence_interval":{"confidence_level":0.95,"lower_bound":55202568.43377518,"upper_bound":2244484483.418503},"point_estimate":2049248776.1659544,"standard_error":418643596.3217785}}