{"mean":{"confidence_interval":{"confidence_level":0.95,"lower_bound":1677044.6390924868,"upper_bound":1677728.5604267363},"point_estimate":1677371.9797138805,"standard_error":173.94656338398792},"median":{"confidence_interval":{"confidence_level":0.95,"lower_bound":1677098.5588235294,"upper_bound":1677638.1958762887},"point_estimate":1677316.3545454545,"standard_error":117.80852380545676},"median_abs_dev":{"confidence_interval":{"confidence_level":0.95,"lower_bound":922.2507024996984,"upper_bound":1482.616088895649},"point_estimate":1255.2520909895638,"standard_error":148.75349529707458},"slope":{"confidence_interval":{"confidence_level":0.95,"lower_bound":1677144.2282919034,"upper_bound":1677603.3339053914},"point_estimate":1677375.023056007,"standard_error":116.89855829988358},"std_dev":{"confidence_interval":{"confidence_level":0.95,"lower_bound":1209.132844793422,"upper_bound":2328.9349810166896},"point_estimate":1751.7659760778579,"standard_error":296.2152018344835}}