{"mean":{"confidence_interval":{"confidence_level":0.95,"lower_bound":1739804.5028507935,"upper_bound":1784880.0948964087},"point_estimate":1763417.2127756777,"standard_error":11492.339000109108},"median":{"confidence_interval":{"confidence_level":0.95,"lower_bound":1767358.8842504744,"upper_bound":1801697.0105128204},"point_estimate":1782819.4203947368,"standard_error":8746.232795974822},"median_abs_dev":{"confidence_interval":{"confidence_level":0.95,"lower_bound":50241.50707282956,"upper_bound":89643.8579078934},"point_estimate":66931.99617710414,"standard_error":9549.92868490018},"slope":{"confidence_interval":{"confidence_level":0.95,"lower_bound":1771246.8842918172,"upper_bound":1800618.938735382},"point_estimate":1785759.132079208,"standard_error":7410.906976294037},"std_dev":{"confidence_interval":{"confidence_level":0.95,"lower_bound":83971.19814751849,"upper_bound":144012.02195390605},"point_estimate":113597.96525330406,"standard_error":15561.44940020948}}