{"mean":{"confidence_interval":{"confidence_level":0.95,"lower_bound":91596765.79427975,"upper_bound":103245997.39476189},"point_estimate":96302893.33087301,"standard_error":2942642.398707528},"median":{"confidence_interval":{"confidence_level":0.95,"lower_bound":91583602.0,"upper_bound":102850765.72222221},"point_estimate":91603670.75,"standard_error":2498350.856902764},"median_abs_dev":{"confidence_interval":{"confidence_level":0.95,"lower_bound":7038.532180036656,"upper_bound":3040857.6005806625},"point_estimate":31663.220467861047,"standard_error":2585286.713616986},"slope":{"confidence_interval":{"confidence_level":0.95,"lower_bound":91598964.65476191,"upper_bound":110914657.43700787},"point_estimate":102702045.64935064,"standard_error":5156606.131022886},"std_dev":{"confidence_interval":{"confidence_level":0.95,"lower_bound":20380.626698548633,"upper_bound":12419732.762056537},"point_estimate":9920887.383199414,"standard_error":3380560.0112745115}}