{"mean":{"confidence_interval":{"confidence_level":0.95,"lower_bound":1003157147.5,"upper_bound":1158517088.305},"point_estimate":1071688214.5,"standard_error":39492316.514106184},"median":{"confidence_interval":{"confidence_level":0.95,"lower_bound":995552953.0,"upper_bound":1165044129.0},"point_estimate":996185700.0,"standard_error":39460495.8012296},"median_abs_dev":{"confidence_interval":{"confidence_level":0.95,"lower_bound":70030.60975670815,"upper_bound":162650745.78257203},"point_estimate":1249985.2269083261,"standard_error":43957752.8116521},"slope":null,"std_dev":{"confidence_interval":{"confidence_level":0.95,"lower_bound":22426296.350253828,"upper_bound":168473632.57313213},"point_estimate":131851421.53961699,"standard_error":39502864.12684095}}