{"mean":{"confidence_interval":{"confidence_level":0.95,"lower_bound":515460127.535,"upper_bound":515677334.1},"point_estimate":515562895.0,"standard_error":56124.56804831848},"median":{"confidence_interval":{"confidence_level":0.95,"lower_bound":515453265.0,"upper_bound":515702273.5},"point_estimate":515530033.5,"standard_error":51483.45791102543},"median_abs_dev":{"confidence_interval":{"confidence_level":0.95,"lower_bound":21379.83292043209,"upper_bound":308480.12872338295},"point_estimate":95851.57089829445,"standard_error":73274.47805539549},"slope":null,"std_dev":{"confidence_interval":{"confidence_level":0.95,"lower_bound":58389.32980805083,"upper_bound":242903.55501000804},"point_estimate":186754.76510892267,"standard_error":44340.03016352319}}