{"mean":{"confidence_interval":{"confidence_level":0.95,"lower_bound":452188473.8575001,"upper_bound":1334760276.8},"point_estimate":869626012.6,"standard_error":224663959.35057992},"median":{"confidence_interval":{"confidence_level":0.95,"lower_bound":328606855.0,"upper_bound":1859515965.0},"point_estimate":505569581.5,"standard_error":362549095.78555214},"median_abs_dev":{"confidence_interval":{"confidence_level":0.95,"lower_bound":33610422.05399573,"upper_bound":1203472211.7153974},"point_estimate":269291940.2132124,"standard_error":292202769.31236136},"slope":null,"std_dev":{"confidence_interval":{"confidence_level":0.95,"lower_bound":131208181.7876838,"upper_bound":863620218.0897603},"point_estimate":753215291.3386786,"standard_error":145372674.61742857}}