{"mean":{"confidence_interval":{"confidence_level":0.95,"lower_bound":371112249.6,"upper_bound":1176749369.6525002},"point_estimate":720751783.2,"standard_error":205285667.6675635},"median":{"confidence_interval":{"confidence_level":0.95,"lower_bound":319203996.0,"upper_bound":1170477981.0},"point_estimate":392384608.5,"standard_error":186810403.99443495},"median_abs_dev":{"confidence_interval":{"confidence_level":0.95,"lower_bound":19050382.219988108,"upper_bound":463413651.0533631},"point_estimate":136385783.01386833,"standard_error":191300705.85186103},"slope":null,"std_dev":{"confidence_interval":{"confidence_level":0.95,"lower_bound":93039128.4191001,"upper_bound":873587216.7641233},"point_estimate":691384517.6931452,"standard_error":212809015.98320377}}