{"mean":{"confidence_interval":{"confidence_level":0.95,"lower_bound":850791337.7,"upper_bound":1767290489.7},"point_estimate":1316901208.3,"standard_error":233835069.8352627},"median":{"confidence_interval":{"confidence_level":0.95,"lower_bound":435538309.5,"upper_bound":1950265839.0},"point_estimate":1826601546.0,"standard_error":520796541.7603737},"median_abs_dev":{"confidence_interval":{"confidence_level":0.95,"lower_bound":27982706.804707646,"upper_bound":1202851800.7065117},"point_estimate":316686361.0904932,"standard_error":370681484.35712904},"slope":null,"std_dev":{"confidence_interval":{"confidence_level":0.95,"lower_bound":475642120.0883005,"upper_bound":835277575.8869632},"point_estimate":778802222.4526725,"standard_error":92901522.64894219}}