{"mean":{"confidence_interval":{"confidence_level":0.95,"lower_bound":20872393.217227776,"upper_bound":20881970.707333334},"point_estimate":20876951.372968253,"standard_error":2453.4744872522624},"median":{"confidence_interval":{"confidence_level":0.95,"lower_bound":20870646.138888888,"upper_bound":20884881.375},"point_estimate":20874638.21666667,"standard_error":3405.3744725167335},"median_abs_dev":{"confidence_interval":{"confidence_level":0.95,"lower_bound":849.0802982610822,"upper_bound":14302.074439755881},"point_estimate":6900.1479458318945,"standard_error":3325.2737577486682},"slope":{"confidence_interval":{"confidence_level":0.95,"lower_bound":20871643.419880666,"upper_bound":20884845.530876294},"point_estimate":20878204.737142857,"standard_error":3615.298644939375},"std_dev":{"confidence_interval":{"confidence_level":0.95,"lower_bound":3785.7690755480658,"upper_bound":10138.585041255685},"point_estimate":8227.093198772447,"standard_error":1614.5379479254718}}