{"mean":{"confidence_interval":{"confidence_level":0.95,"lower_bound":20508476.62472222,"upper_bound":20529258.76072222},"point_estimate":20518384.739388887,"standard_error":5316.818775262485},"median":{"confidence_interval":{"confidence_level":0.95,"lower_bound":20504869.78333333,"upper_bound":20531132.2125},"point_estimate":20518583.001111113,"standard_error":5332.909112832262},"median_abs_dev":{"confidence_interval":{"confidence_level":0.95,"lower_bound":747.2637452347421,"upper_bound":31693.910287320614},"point_estimate":14818.094184263526,"standard_error":8278.824134056946},"slope":{"confidence_interval":{"confidence_level":0.95,"lower_bound":20513964.11027569,"upper_bound":20528214.154307116},"point_estimate":20520177.75012987,"standard_error":3623.8752292525774},"std_dev":{"confidence_interval":{"confidence_level":0.95,"lower_bound":7970.290716494509,"upper_bound":22731.19970754213},"point_estimate":17705.16179452086,"standard_error":3839.630235704291}}