{"mean":{"confidence_interval":{"confidence_level":0.95,"lower_bound":569345512.3,"upper_bound":569493403.6},"point_estimate":569420201.5,"standard_error":38092.91051532115},"median":{"confidence_interval":{"confidence_level":0.95,"lower_bound":569296594.0,"upper_bound":569531873.0},"point_estimate":569467514.5,"standard_error":69782.32266243032},"median_abs_dev":{"confidence_interval":{"confidence_level":0.95,"lower_bound":12321.888381242752,"upper_bound":195323.650932312},"point_estimate":158689.34688270092,"standard_error":51000.97400172246},"slope":null,"std_dev":{"confidence_interval":{"confidence_level":0.95,"lower_bound":81583.10023749672,"upper_bound":148268.42629936046},"point_estimate":127444.53152581061,"standard_error":17010.484970223755}}