{"mean":{"confidence_interval":{"confidence_level":0.95,"lower_bound":555017722.0625,"upper_bound":555321960.2},"point_estimate":555165397.3,"standard_error":77991.63273564709},"median":{"confidence_interval":{"confidence_level":0.95,"lower_bound":554895193.0,"upper_bound":555314403.0},"point_estimate":555172263.0,"standard_error":91397.25278306751},"median_abs_dev":{"confidence_interval":{"confidence_level":0.95,"lower_bound":31477.82134115696,"upper_bound":488901.4260202646},"point_estimate":235146.2862253189,"standard_error":122469.88056815775},"slope":null,"std_dev":{"confidence_interval":{"confidence_level":0.95,"lower_bound":141858.07545982944,"upper_bound":344795.0519649479},"point_estimate":261661.4480723984,"standard_error":55189.80957726906}}