{"mean":{"confidence_interval":{"confidence_level":0.95,"lower_bound":720836774.0875,"upper_bound":721027962.4},"point_estimate":720931144.5,"standard_error":49151.75228508506},"median":{"confidence_interval":{"confidence_level":0.95,"lower_bound":720790195.0,"upper_bound":721056937.5},"point_estimate":720923239.0,"standard_error":72939.94134017862},"median_abs_dev":{"confidence_interval":{"confidence_level":0.95,"lower_bound":43600.30002593994,"upper_bound":285923.11142385006},"point_estimate":164690.91157615185,"standard_error":63578.03842803261},"slope":null,"std_dev":{"confidence_interval":{"confidence_level":0.95,"lower_bound":95378.858539336,"upper_bound":200600.87355080098},"point_estimate":163967.82638896638,"standard_error":26684.47483506628}}