{"mean":{"confidence_interval":{"confidence_level":0.95,"lower_bound":1032073.0344278456,"upper_bound":1037424.2907491077},"point_estimate":1034673.7334948389,"standard_error":1377.0491107193511},"median":{"confidence_interval":{"confidence_level":0.95,"lower_bound":1031365.404364224,"upper_bound":1035806.8282717282},"point_estimate":1033808.1781577496,"standard_error":1332.3292326714727},"median_abs_dev":{"confidence_interval":{"confidence_level":0.95,"lower_bound":7498.774977887025,"upper_bound":13750.449170054238},"point_estimate":10152.197725781149,"standard_error":1595.8388435223067},"slope":{"confidence_interval":{"confidence_level":0.95,"lower_bound":1032828.1732401936,"upper_bound":1036423.9375692571},"point_estimate":1034577.7820363529,"standard_error":918.0223621777648},"std_dev":{"confidence_interval":{"confidence_level":0.95,"lower_bound":9986.459642222335,"upper_bound":18004.295723952622},"point_estimate":13812.74994469923,"standard_error":2171.1584938094834}}