{"mean":{"confidence_interval":{"confidence_level":0.95,"lower_bound":65883033.05,"upper_bound":65903243.04},"point_estimate":65893018.71,"standard_error":5127.3663140390245},"median":{"confidence_interval":{"confidence_level":0.95,"lower_bound":65876977.0,"upper_bound":65892057.0},"point_estimate":65884754.5,"standard_error":3827.716024331492},"median_abs_dev":{"confidence_interval":{"confidence_level":0.95,"lower_bound":34204.322692751884,"upper_bound":60002.3961972445},"point_estimate":47503.985756635666,"standard_error":6362.368461624007},"slope":null,"std_dev":{"confidence_interval":{"confidence_level":0.95,"lower_bound":43756.42739525979,"upper_bound":58146.2370141956},"point_estimate":51371.422285962915,"standard_error":3678.6525932327713}}