{"mean":{"confidence_interval":{"confidence_level":0.95,"lower_bound":1723081522.9,"upper_bound":4222546897.3},"point_estimate":2973959575.8,"standard_error":644958861.7771407},"median":{"confidence_interval":{"confidence_level":0.95,"lower_bound":484445363.0,"upper_bound":4637566594.0},"point_estimate":4617445997.5,"standard_error":1563773674.8289292},"median_abs_dev":{"confidence_interval":{"confidence_level":0.95,"lower_bound":3986375.5203276873,"upper_bound":3094986391.005108},"point_estimate":74423408.18392038,"standard_error":1215216010.13199},"slope":null,"std_dev":{"confidence_interval":{"confidence_level":0.95,"lower_bound":1312929894.6254637,"upper_bound":2201156501.8874016},"point_estimate":2148375233.5349245,"standard_error":260902714.1092639}}