{"mean":{"confidence_interval":{"confidence_level":0.95,"lower_bound":39949483737.3675,"upper_bound":99008256570.58249},"point_estimate":69535581251.9,"standard_error":15229986714.017527},"median":{"confidence_interval":{"confidence_level":0.95,"lower_bound":11046669509.0,"upper_bound":109124483172.0},"point_estimate":107294227622.0,"standard_error":36889460447.4635},"median_abs_dev":{"confidence_interval":{"confidence_level":0.95,"lower_bound":243228656.26022816,"upper_bound":73246881274.89742},"point_estimate":4455279408.841279,"standard_error":27812813682.497616},"slope":null,"std_dev":{"confidence_interval":{"confidence_level":0.95,"lower_bound":30929178301.47921,"upper_bound":52146331240.13382},"point_estimate":50659309647.49929,"standard_error":6222537959.920487}}