{"mean":{"confidence_interval":{"confidence_level":0.95,"lower_bound":18239458.07385198,"upper_bound":18251426.92931746},"point_estimate":18245544.170484126,"standard_error":3062.061958464643},"median":{"confidence_interval":{"confidence_level":0.95,"lower_bound":18239507.325,"upper_bound":18253619.39333333},"point_estimate":18243871.057142857,"standard_error":3977.8331101301005},"median_abs_dev":{"confidence_interval":{"confidence_level":0.95,"lower_bound":1485.0277311371444,"upper_bound":18727.869807602026},"point_estimate":7814.804229259969,"standard_error":4291.330799265494},"slope":{"confidence_interval":{"confidence_level":0.95,"lower_bound":18240443.120374706,"upper_bound":18248468.74601227},"point_estimate":18243258.885714285,"standard_error":2052.4785388478413},"std_dev":{"confidence_interval":{"confidence_level":0.95,"lower_bound":5418.118869214142,"upper_bound":13420.288473344064},"point_estimate":10213.116868860849,"standard_error":2070.300053568392}}