{"mean":{"confidence_interval":{"confidence_level":0.95,"lower_bound":504923574.53500015,"upper_bound":691082832.8},"point_estimate":607905577.9,"standard_error":47985603.99616981},"median":{"confidence_interval":{"confidence_level":0.95,"lower_bound":549254056.0,"upper_bound":727140330.0},"point_estimate":623377611.0,"standard_error":55688979.89935418},"median_abs_dev":{"confidence_interval":{"confidence_level":0.95,"lower_bound":3006527.4216234684,"upper_bound":243797479.46172953},"point_estimate":110523982.91470706,"standard_error":56072486.76053611},"slope":null,"std_dev":{"confidence_interval":{"confidence_level":0.95,"lower_bound":68370603.1279587,"upper_bound":224014506.54840982},"point_estimate":158866029.50764993,"standard_error":46127724.17525353}}