{"mean":{"confidence_interval":{"confidence_level":0.95,"lower_bound":63247768.249249995,"upper_bound":63271015.31375},"point_estimate":63258766.73,"standard_error":5956.744988682744},"median":{"confidence_interval":{"confidence_level":0.95,"lower_bound":63242729.0,"upper_bound":63260544.0},"point_estimate":63250807.5,"standard_error":3840.344918767078},"median_abs_dev":{"confidence_interval":{"confidence_level":0.95,"lower_bound":36070.91605961323,"upper_bound":58780.64115643501},"point_estimate":45257.846796512604,"standard_error":5700.449681873345},"slope":null,"std_dev":{"confidence_interval":{"confidence_level":0.95,"lower_bound":43441.566133320564,"upper_bound":79371.05004662194},"point_estimate":60304.80377767379,"standard_error":9793.477465717564}}