{"mean":{"confidence_interval":{"confidence_level":0.95,"lower_bound":40157231.985,"upper_bound":40167918.74},"point_estimate":40162511.37,"standard_error":2725.195419354534},"median":{"confidence_interval":{"confidence_level":0.95,"lower_bound":40156320.5,"upper_bound":40165724.5},"point_estimate":40159988.75,"standard_error":2307.0857935897097},"median_abs_dev":{"confidence_interval":{"confidence_level":0.95,"lower_bound":17735.2315351367,"upper_bound":34299.95039105415},"point_estimate":26304.288733005524,"standard_error":4289.65935896744},"slope":null,"std_dev":{"confidence_interval":{"confidence_level":0.95,"lower_bound":23596.803625940316,"upper_bound":31065.499986835897},"point_estimate":27523.723508013147,"standard_error":1905.8784985394097}}