{"mean":{"confidence_interval":{"confidence_level":0.95,"lower_bound":39978418.693125,"upper_bound":39988342.885},"point_estimate":39983225.555,"standard_error":2544.5466457260095},"median":{"confidence_interval":{"confidence_level":0.95,"lower_bound":39976711.0,"upper_bound":39987214.0},"point_estimate":39983257.5,"standard_error":2250.1791486478132},"median_abs_dev":{"confidence_interval":{"confidence_level":0.95,"lower_bound":16429.431608319283,"upper_bound":27022.23777025938},"point_estimate":20433.56348723173,"standard_error":2647.5525824435595},"slope":null,"std_dev":{"confidence_interval":{"confidence_level":0.95,"lower_bound":19796.932607072995,"upper_bound":31693.740729156125},"point_estimate":25468.13284073666,"standard_error":3128.075382838573}}