{"mean":{"confidence_interval":{"confidence_level":0.95,"lower_bound":584789669.5,"upper_bound":2019939290.8},"point_estimate":1302004494.0,"standard_error":377233200.0323878},"median":{"confidence_interval":{"confidence_level":0.95,"lower_bound":110148124.0,"upper_bound":2501432962.0},"point_estimate":1294127225.5,"standard_error":1023930163.6189805},"median_abs_dev":{"confidence_interval":{"confidence_level":0.95,"lower_bound":802248.9304572344,"upper_bound":1776632063.3590758},"point_estimate":1767955160.3565216,"standard_error":748003503.2114819},"slope":null,"std_dev":{"confidence_interval":{"confidence_level":0.95,"lower_bound":994974182.8327762,"upper_bound":1263125813.0913417},"point_estimate":1256250425.2951214,"standard_error":108833472.56518638}}