{"mean":{"confidence_interval":{"confidence_level":0.95,"lower_bound":6516172.616843751,"upper_bound":6517423.33765625},"point_estimate":6516794.8325,"standard_error":319.6604503373974},"median":{"confidence_interval":{"confidence_level":0.95,"lower_bound":6515598.125,"upper_bound":6517218.625},"point_estimate":6516327.0625,"standard_error":382.80295795754887},"median_abs_dev":{"confidence_interval":{"confidence_level":0.95,"lower_bound":2453.6102939397097,"upper_bound":3770.4370580613613},"point_estimate":3221.504417806864,"standard_error":318.2074880113008},"slope":null,"std_dev":{"confidence_interval":{"confidence_level":0.95,"lower_bound":2776.0345261242305,"upper_bound":3677.8901333008275},"point_estimate":3253.669861497928,"standard_error":228.87736014324602}}