{"mean":{"confidence_interval":{"confidence_level":0.95,"lower_bound":441294652.1,"upper_bound":1379749162.0099998},"point_estimate":892983291.5,"standard_error":233031101.9022877},"median":{"confidence_interval":{"confidence_level":0.95,"lower_bound":365372804.0,"upper_bound":1864649427.0},"point_estimate":470425691.5,"standard_error":368224483.285022},"median_abs_dev":{"confidence_interval":{"confidence_level":0.95,"lower_bound":47777212.62318492,"upper_bound":1238014998.63874},"point_estimate":172107173.16448689,"standard_error":323734322.59676206},"slope":null,"std_dev":{"confidence_interval":{"confidence_level":0.95,"lower_bound":94429881.96147455,"upper_bound":882556299.9772857},"point_estimate":777854992.3708949,"standard_error":155426828.0635533}}