{"mean":{"confidence_interval":{"confidence_level":0.95,"lower_bound":2443760.802380952,"upper_bound":2444456.122630953},"point_estimate":2444107.5361904763,"standard_error":176.03892058060853},"median":{"confidence_interval":{"confidence_level":0.95,"lower_bound":2443478.6666666665,"upper_bound":2444509.095238095},"point_estimate":2444165.8095238097,"standard_error":243.78043217026448},"median_abs_dev":{"confidence_interval":{"confidence_level":0.95,"lower_bound":1526.2307729033955,"upper_bound":2188.4234611479637},"point_estimate":1891.5151664188108,"standard_error":165.74502889973022},"slope":null,"std_dev":{"confidence_interval":{"confidence_level":0.95,"lower_bound":1528.2099090089027,"upper_bound":2011.837626452231},"point_estimate":1775.0245295661537,"standard_error":123.61142593625813}}