{"mean":{"confidence_interval":{"confidence_level":0.95,"lower_bound":122536950.67000002,"upper_bound":1580905582.6},"point_estimate":848401180.9,"standard_error":353635479.0539367},"median":{"confidence_interval":{"confidence_level":0.95,"lower_bound":103982364.5,"upper_bound":2540255927.0},"point_estimate":135018295.0,"standard_error":608218685.3895124},"median_abs_dev":{"confidence_interval":{"confidence_level":0.95,"lower_bound":72929.09270524979,"upper_bound":1814944339.2177968},"point_estimate":46631278.48632932,"standard_error":537430640.7575561},"slope":null,"std_dev":{"confidence_interval":{"confidence_level":0.95,"lower_bound":20218858.42620717,"upper_bound":1288344101.6437268},"point_estimate":1177883934.1388817,"standard_error":244775323.73858002}}