{"mean":{"confidence_interval":{"confidence_level":0.95,"lower_bound":605007792.465,"upper_bound":758270255.1},"point_estimate":677995490.9,"standard_error":39520059.86799302},"median":{"confidence_interval":{"confidence_level":0.95,"lower_bound":567446957.0,"upper_bound":770884995.5},"point_estimate":668458229.0,"standard_error":48045791.783912554},"median_abs_dev":{"confidence_interval":{"confidence_level":0.95,"lower_bound":31090260.071137547,"upper_bound":216059787.869972},"point_estimate":123055838.58682215,"standard_error":50841109.66156052},"slope":null,"std_dev":{"confidence_interval":{"confidence_level":0.95,"lower_bound":63264899.98493882,"upper_bound":169016998.55367485},"point_estimate":131484708.07910076,"standard_error":27527609.794539414}}