{"mean":{"confidence_interval":{"confidence_level":0.95,"lower_bound":6844194.01875,"upper_bound":7265068.500875},"point_estimate":7050742.1175,"standard_error":107882.90579278595},"median":{"confidence_interval":{"confidence_level":0.95,"lower_bound":6436726.9375,"upper_bound":6438630.0},"point_estimate":6437899.0625,"standard_error":530.2167185259885},"median_abs_dev":{"confidence_interval":{"confidence_level":0.95,"lower_bound":3471.9271361734754,"upper_bound":9112.244763225317},"point_estimate":5599.96542558074,"standard_error":2066.415761617873},"slope":null,"std_dev":{"confidence_interval":{"confidence_level":0.95,"lower_bound":925100.129462244,"upper_bound":1183735.927132387},"point_estimate":1081441.092302442,"standard_error":67108.15796168055}}