{"mean":{"confidence_interval":{"confidence_level":0.95,"lower_bound":559995234.0,"upper_bound":560321636.7},"point_estimate":560159472.1,"standard_error":84181.52946889892},"median":{"confidence_interval":{"confidence_level":0.95,"lower_bound":559936181.5,"upper_bound":560387974.0},"point_estimate":560183644.0,"standard_error":124455.55054046637},"median_abs_dev":{"confidence_interval":{"confidence_level":0.95,"lower_bound":79645.2705860138,"upper_bound":465154.62224185467},"point_estimate":316853.1120747328,"standard_error":101673.60499220787},"slope":null,"std_dev":{"confidence_interval":{"confidence_level":0.95,"lower_bound":164062.43583265622,"upper_bound":357091.64184594597},"point_estimate":281986.5392935746,"standard_error":49294.59193640277}}