{"mean":{"confidence_interval":{"confidence_level":0.95,"lower_bound":9339011096.845013,"upper_bound":66530628211.5},"point_estimate":37217640454.1,"standard_error":14087419736.06884},"median":{"confidence_interval":{"confidence_level":0.95,"lower_bound":5363138175.5,"upper_bound":101079155888.0},"point_estimate":10710660095.5,"standard_error":23547653563.21839},"median_abs_dev":{"confidence_interval":{"confidence_level":0.95,"lower_bound":1348035084.3699932,"upper_bound":73688338472.09428},"point_estimate":8126043616.145388,"standard_error":19822148964.730095},"slope":null,"std_dev":{"confidence_interval":{"confidence_level":0.95,"lower_bound":4482388205.251628,"upper_bound":52148275645.57321},"point_estimate":46971376229.167656,"standard_error":9416916825.622923}}