{"mean":{"confidence_interval":{"confidence_level":0.95,"lower_bound":40183320.48,"upper_bound":40191733.5},"point_estimate":40187526.87,"standard_error":2144.1665708912783},"median":{"confidence_interval":{"confidence_level":0.95,"lower_bound":40183039.0,"upper_bound":40192595.0},"point_estimate":40187508.75,"standard_error":2312.2201151501745},"median_abs_dev":{"confidence_interval":{"confidence_level":0.95,"lower_bound":15404.955026507378,"upper_bound":27188.659617304802},"point_estimate":21271.232472360134,"standard_error":2882.7041258463605},"slope":null,"std_dev":{"confidence_interval":{"confidence_level":0.95,"lower_bound":18627.55688528857,"upper_bound":24199.9947924962},"point_estimate":21555.05951136495,"standard_error":1423.2023388644554}}