{"mean":{"confidence_interval":{"confidence_level":0.95,"lower_bound":42357608.57825,"upper_bound":42420356.2595},"point_estimate":42381721.03,"standard_error":16682.519432180445},"median":{"confidence_interval":{"confidence_level":0.95,"lower_bound":42352078.5,"upper_bound":42364350.5},"point_estimate":42357753.5,"standard_error":2951.314930430837},"median_abs_dev":{"confidence_interval":{"confidence_level":0.95,"lower_bound":23332.787735760212,"upper_bound":35985.66656112671},"point_estimate":30235.402563214302,"standard_error":3154.172811826173},"slope":null,"std_dev":{"confidence_interval":{"confidence_level":0.95,"lower_bound":29021.392765725428,"upper_bound":279679.804184977},"point_estimate":168503.18824768704,"standard_error":77337.43694691158}}