{"mean":{"confidence_interval":{"confidence_level":0.95,"lower_bound":2467092.9523809524,"upper_bound":2467559.88047619},"point_estimate":2467320.830476191,"standard_error":118.84172466301132},"median":{"confidence_interval":{"confidence_level":0.95,"lower_bound":2467056.5714285714,"upper_bound":2467472.1428571427},"point_estimate":2467267.095238095,"standard_error":105.78301446223917},"median_abs_dev":{"confidence_interval":{"confidence_level":0.95,"lower_bound":887.7243842397253,"upper_bound":1343.1296761547803},"point_estimate":1093.946980578756,"standard_error":118.23375466054732},"slope":null,"std_dev":{"confidence_interval":{"confidence_level":0.95,"lower_bound":937.7182146254372,"upper_bound":1457.8328480300897},"point_estimate":1191.3581581120618,"standard_error":134.39319348820317}}