{"mean":{"confidence_interval":{"confidence_level":0.95,"lower_bound":41075076.93650793,"upper_bound":41099108.98509756},"point_estimate":41086098.36752646,"standard_error":6212.161941048813},"median":{"confidence_interval":{"confidence_level":0.95,"lower_bound":41072640.722222224,"upper_bound":41101527.98148148},"point_estimate":41081661.17559524,"standard_error":5799.278549536135},"median_abs_dev":{"confidence_interval":{"confidence_level":0.95,"lower_bound":2657.866386145107,"upper_bound":30426.740326479136},"point_estimate":10706.830454912817,"standard_error":7490.267643300604},"slope":{"confidence_interval":{"confidence_level":0.95,"lower_bound":41076712.60674157,"upper_bound":41107577.90647482},"point_estimate":41089926.196536794,"standard_error":8211.02314221843},"std_dev":{"confidence_interval":{"confidence_level":0.95,"lower_bound":7051.207977532573,"upper_bound":26518.858371125163},"point_estimate":20754.651394209606,"standard_error":5059.8634192723275}}