{"mean":{"confidence_interval":{"confidence_level":0.95,"lower_bound":998866839.4,"upper_bound":999343668.9000001},"point_estimate":999078182.0,"standard_error":124051.84112963661},"median":{"confidence_interval":{"confidence_level":0.95,"lower_bound":998838746.0,"upper_bound":999195293.5},"point_estimate":999008552.5,"standard_error":91399.17418741657},"median_abs_dev":{"confidence_interval":{"confidence_level":0.95,"lower_bound":61945.25080025196,"upper_bound":525238.4687751532},"point_estimate":207532.8617155552,"standard_error":111064.8531069837},"slope":null,"std_dev":{"confidence_interval":{"confidence_level":0.95,"lower_bound":127358.43592859744,"upper_bound":590393.5992067347},"point_estimate":409806.2651522058,"standard_error":135904.62462190498}}