{"mean":{"confidence_interval":{"confidence_level":0.95,"lower_bound":695680077.05,"upper_bound":695958109.97},"point_estimate":695822431.3,"standard_error":70851.20375670138},"median":{"confidence_interval":{"confidence_level":0.95,"lower_bound":695644544.0,"upper_bound":696010850.5},"point_estimate":695831163.0,"standard_error":84184.85714648062},"median_abs_dev":{"confidence_interval":{"confidence_level":0.95,"lower_bound":45391.28079414368,"upper_bound":394048.3862042427},"point_estimate":249643.890067935,"standard_error":93582.03493583515},"slope":null,"std_dev":{"confidence_interval":{"confidence_level":0.95,"lower_bound":127773.41706126164,"upper_bound":305362.92559283634},"point_estimate":236548.15219694463,"standard_error":46397.3576647121}}