{"mean":{"confidence_interval":{"confidence_level":0.95,"lower_bound":2354718476.4,"upper_bound":2355553727.6274996},"point_estimate":2355147865.0,"standard_error":210690.2515780169},"median":{"confidence_interval":{"confidence_level":0.95,"lower_bound":2354842717.0,"upper_bound":2355684873.0},"point_estimate":2355077288.0,"standard_error":211450.8706800555},"median_abs_dev":{"confidence_interval":{"confidence_level":0.95,"lower_bound":55361.76561713219,"upper_bound":1245276.489391923},"point_estimate":372812.36548125744,"standard_error":311095.67112280795},"slope":null,"std_dev":{"confidence_interval":{"confidence_level":0.95,"lower_bound":321513.5631630146,"upper_bound":951108.8241077901},"point_estimate":701795.718389618,"standard_error":164507.68604252598}}