{"mean":{"confidence_interval":{"confidence_level":0.95,"lower_bound":592505075.9,"upper_bound":593178784.21},"point_estimate":592784654.9,"standard_error":178754.91685880945},"median":{"confidence_interval":{"confidence_level":0.95,"lower_bound":592453813.0,"upper_bound":592883746.5},"point_estimate":592657257.5,"standard_error":131406.96481527312},"median_abs_dev":{"confidence_interval":{"confidence_level":0.95,"lower_bound":42138.45645189285,"upper_bound":578405.2451312542},"point_estimate":278316.63225889206,"standard_error":136977.99193480457},"slope":null,"std_dev":{"confidence_interval":{"confidence_level":0.95,"lower_bound":160612.86791129928,"upper_bound":888193.2813185522},"point_estimate":596316.6639055405,"standard_error":229996.10571320105}}