{"mean":{"confidence_interval":{"confidence_level":0.95,"lower_bound":42285892.965625,"upper_bound":42299132.024875},"point_estimate":42292443.025,"standard_error":3382.429449826682},"median":{"confidence_interval":{"confidence_level":0.95,"lower_bound":42282222.5,"upper_bound":42296599.25},"point_estimate":42289210.75,"standard_error":3735.2606704589784},"median_abs_dev":{"confidence_interval":{"confidence_level":0.95,"lower_bound":24919.169707596302,"upper_bound":44112.90896683931},"point_estimate":32892.59236603975,"standard_error":5093.946234686992},"slope":null,"std_dev":{"confidence_interval":{"confidence_level":0.95,"lower_bound":29047.778825191563,"upper_bound":37075.81119303651},"point_estimate":33406.019038745784,"standard_error":2064.4528251398815}}