{"mean":{"confidence_interval":{"confidence_level":0.95,"lower_bound":28178986629.0,"upper_bound":47641207961.8},"point_estimate":38452790825.1,"standard_error":4927079647.523525},"median":{"confidence_interval":{"confidence_level":0.95,"lower_bound":18824335525.0,"upper_bound":50165126655.0},"point_estimate":46389352818.0,"standard_error":7312062020.2279415},"median_abs_dev":{"confidence_interval":{"confidence_level":0.95,"lower_bound":783860797.476089,"upper_bound":23775551362.247585},"point_estimate":5851018091.780564,"standard_error":6058909373.632695},"slope":null,"std_dev":{"confidence_interval":{"confidence_level":0.95,"lower_bound":2445419498.015392,"upper_bound":19778567034.642063},"point_estimate":16435097216.301682,"standard_error":3453438318.133825}}