{"mean":{"confidence_interval":{"confidence_level":0.95,"lower_bound":12363903434.5,"upper_bound":70518927642.9},"point_estimate":40771411030.9,"standard_error":14305134757.12544},"median":{"confidence_interval":{"confidence_level":0.95,"lower_bound":10309651731.0,"upper_bound":107539961458.0},"point_estimate":13934994982.0,"standard_error":23963793577.840202},"median_abs_dev":{"confidence_interval":{"confidence_level":0.95,"lower_bound":1537712769.9886413,"upper_bound":73185380957.53836},"point_estimate":6038935378.961966,"standard_error":20171562804.972157},"slope":null,"std_dev":{"confidence_interval":{"confidence_level":0.95,"lower_bound":4250694561.466222,"upper_bound":52759221117.723206},"point_estimate":47646879874.85877,"standard_error":9596120366.616272}}